Tweet Id,Text,UTC,Created At,URLs,Media Type,Media URLs
1328341982784200705,"Moderna ?? $MRNA
https://t.co/jJvn8By1fs",2020-11-16T14:19:42.000Z,Mon Nov 16 14:19:42 +0000 2020,https://twitter.com/realDonaldTrump/status/1328341927641681922 ,,
1327481874923532288,"Twitter ?? $TWTR
https://t.co/3y4Cb8PXCR",2020-11-14T05:21:57.000Z,Sat Nov 14 05:21:57 +0000 2020,https://twitter.com/realDonaldTrump/status/1327481814013906944 ,,
1326147971017306114,"Pfizer ?? $PFE
https://t.co/XhHocdzv9O",2020-11-10T13:01:29.000Z,Tue Nov 10 13:01:29 +0000 2020,https://twitter.com/realDonaldTrump/status/1326147913542668291 ,,
1325961492076908546,"Pfizer ?? $PFE
https://t.co/g7KtWJkdOO",2020-11-10T00:40:29.000Z,Tue Nov 10 00:40:29 +0000 2020,https://twitter.com/realDonaldTrump/status/1325961445062938625 ,,
1325797509348945920,"Pfizer ?? $PFE
https://t.co/7Yzo1XGmJw",2020-11-09T13:48:53.000Z,Mon Nov 09 13:48:53 +0000 2020,https://twitter.com/realDonaldTrump/status/1325797455322034176 ,,
1324613416892485632,"Twitter ¯\_(?)_/¯ $TWTR
https://t.co/BMztMthFkL",2020-11-06T07:23:43.000Z,Fri Nov 06 07:23:43 +0000 2020,https://twitter.com/realDonaldTrump/status/1324613375213621248 ,,
1322926752646221835,"Facebook ?? $FB
https://t.co/HdThUiXBcA",2020-11-01T15:41:31.000Z,Sun Nov 01 15:41:31 +0000 2020,https://twitter.com/realDonaldTrump/status/1322926715576979461 ,,
1322762202944839680,"Facebook ?? $FB
https://t.co/YcggfQMjfc",2020-11-01T04:47:39.000Z,Sun Nov 01 04:47:39 +0000 2020,https://twitter.com/realDonaldTrump/status/1322762168304050176 ,,
1321858616408920064,"Google ¯\_(?)_/¯ $GOOG $GOOGL $BLK
https://t.co/KBjgwDxXcG",2020-10-29T16:57:07.000Z,Thu Oct 29 16:57:07 +0000 2020,https://twitter.com/realDonaldTrump/status/1321858573278695425 ,,
1321596259187249153,"Twitter ?? $TWTR
https://t.co/avHZ4P6VUo",2020-10-28T23:34:36.000Z,Wed Oct 28 23:34:36 +0000 2020,https://twitter.com/realDonaldTrump/status/1321596126001197056 ,,
1321525713892184065,"Twitter ?? $TWTR
https://t.co/Yc3Viv9bZN",2020-10-28T18:54:17.000Z,Wed Oct 28 18:54:17 +0000 2020,https://twitter.com/realDonaldTrump/status/1321525645386547203 ,,
1321472410034577411,"Twitter ¯\_(?)_/¯ $TWTR
https://t.co/ZvKXU7Itcs",2020-10-28T15:22:28.000Z,Wed Oct 28 15:22:28 +0000 2020,https://twitter.com/realDonaldTrump/status/1321472358830403585 ,,
1321042286092976128,"Google ?? $GOOG $GOOGL $BLK
https://t.co/iPBFT98Buy",2020-10-27T10:53:19.000Z,Tue Oct 27 10:53:19 +0000 2020,https://twitter.com/realDonaldTrump/status/1321042229838909441 ,,
1319384175686918157,"Aptiv ?? $APTV $DLPH
https://t.co/7E2uGhrK17",2020-10-22T21:04:35.000Z,Thu Oct 22 21:04:35 +0000 2020,https://twitter.com/realDonaldTrump/status/1319384118849949702 ,,
1317679896605360128,"Dish Network ?? $DISH
Google ?? $GOOG $GOOGL $BLK
https://t.co/yXgXwh0M9I",2020-10-18T04:12:23.000Z,Sun Oct 18 04:12:23 +0000 2020,https://twitter.com/realDonaldTrump/status/1317679831551594503 ,,
1317175704367357954,"CVS Health ¯\_(?)_/¯ $CVS $BLK
Walgreens ¯\_(?)_/¯ $WAG $WBA
https://t.co/0q4eWd7DDr",2020-10-16T18:48:54.000Z,Fri Oct 16 18:48:54 +0000 2020,https://twitter.com/realDonaldTrump/status/1317175638420238342 ,,
1317045185180827648,"Twitter ?? $TWTR
https://t.co/Wh2u4YrYdP",2020-10-16T10:10:16.000Z,Fri Oct 16 10:10:16 +0000 2020,https://twitter.com/realDonaldTrump/status/1317045126414422016 ,,
1317044611177730048,"Twitter ?? $TWTR
https://t.co/FESDeQK1Fv",2020-10-16T10:07:59.000Z,Fri Oct 16 10:07:59 +0000 2020,https://twitter.com/realDonaldTrump/status/1317044556328730625 ,,
1316829943217750017,"Twitter ?? $TWTR
https://t.co/8BF2a3p3ng",2020-10-15T19:54:58.000Z,Thu Oct 15 19:54:58 +0000 2020,https://twitter.com/realDonaldTrump/status/1316829885147480064 ,,
1316711853628760064,"Twitter ¯\_(?)_/¯ $TWTR
https://t.co/KQdZUbKHn1",2020-10-15T12:05:43.000Z,Thu Oct 15 12:05:43 +0000 2020,https://twitter.com/realDonaldTrump/status/1316711809185976320 ,,
1316711338475950080,"Twitter ?? $TWTR
https://t.co/v4SOWefdd0",2020-10-15T12:03:41.000Z,Thu Oct 15 12:03:41 +0000 2020,https://twitter.com/realDonaldTrump/status/1316711285871042562 ,,
1316709690672381953,"Facebook ?? $FB
https://t.co/1GszKIlHAK",2020-10-15T11:57:08.000Z,Thu Oct 15 11:57:08 +0000 2020,https://twitter.com/realDonaldTrump/status/1316709648712560640 ,,
1316709580920029185,"Facebook ?? $FB
Twitter ?? $TWTR
https://t.co/MvlaRbML0z",2020-10-15T11:56:42.000Z,Thu Oct 15 11:56:42 +0000 2020,https://twitter.com/realDonaldTrump/status/1316709525525856256 ,,
1316708372809474049,"Twitter ?? $TWTR
https://t.co/HyBrCc4IE2",2020-10-15T11:51:53.000Z,Thu Oct 15 11:51:53 +0000 2020,https://twitter.com/realDonaldTrump/status/1316708327498317825 ,,
1316501417348169735,"Facebook ?? $FB
Twitter ?? $TWTR
https://t.co/wpygjUiVub",2020-10-14T22:09:31.000Z,Wed Oct 14 22:09:31 +0000 2020,https://twitter.com/realDonaldTrump/status/1316501350658707456 ,,
1316218977119596544,"Facebook ?? $FB
https://t.co/1I8DjNh5jv",2020-10-14T03:27:12.000Z,Wed Oct 14 03:27:12 +0000 2020,https://twitter.com/realDonaldTrump/status/1316218924480987141 ,,
1315960578519822336,"Apple Inc. ?? $AAPL $BRK.A $BRK.B $BLK
https://t.co/QSbdSS5DQE",2020-10-13T10:20:25.000Z,Tue Oct 13 10:20:25 +0000 2020,https://twitter.com/realDonaldTrump/status/1315960524883066880 ,,
1315662496330522624,"Apple Inc. ?? $AAPL $BRK.A $BRK.B $BLK
https://t.co/iGEOlCPBOU",2020-10-12T14:35:57.000Z,Mon Oct 12 14:35:57 +0000 2020,https://twitter.com/realDonaldTrump/status/1315662442467414022 ,,
1315633987935768579,"Twitter ?? $TWTR
https://t.co/dzkLvucwN6",2020-10-12T12:42:40.000Z,Mon Oct 12 12:42:40 +0000 2020,https://twitter.com/realDonaldTrump/status/1315633919908368385 ,,
1315444568519737346,"PPL ?? $PPL
https://t.co/aVC6k1f4TN",2020-10-12T00:09:59.000Z,Mon Oct 12 00:09:59 +0000 2020,https://twitter.com/realDonaldTrump/status/1315444523028418560 ,,
1314694522564210695,"Vudu ¯\_(?)_/¯ $WMT
https://t.co/UNQAU9bGoQ",2020-10-09T22:29:34.000Z,Fri Oct 09 22:29:34 +0000 2020,https://twitter.com/realDonaldTrump/status/1314694462157750282 ,,
1311793910927306758,"Facebook ¯\_(?)_/¯ $FB
https://t.co/iGyuF1K14O",2020-10-01T22:23:34.000Z,Thu Oct 01 22:23:34 +0000 2020,https://twitter.com/realDonaldTrump/status/1311793858364215303 ,,
1311791934202142720,"Twitter ?? $TWTR
https://t.co/nqEThYmHaW",2020-10-01T22:15:43.000Z,Thu Oct 01 22:15:43 +0000 2020,https://twitter.com/realDonaldTrump/status/1311791885770518529 ,,
1311455270552428545,"Boeing ?? $BA $BLK $TROW
https://t.co/3zEnqSL8Sa",2020-09-30T23:57:56.000Z,Wed Sep 30 23:57:56 +0000 2020,https://twitter.com/realDonaldTrump/status/1311455219058970625 ,,
1308769329887039488,"YouTube ?? $GOOG $GOOGL $BLK
https://t.co/6UT2UBLmmv",2020-09-23T14:04:58.000Z,Wed Sep 23 14:04:58 +0000 2020,https://twitter.com/realDonaldTrump/status/1308769268377542661 ,,
1308379845047574528,"Nissan ?? $NSANY $BLK
https://t.co/wROSlmsqrf",2020-09-22T12:17:18.000Z,Tue Sep 22 12:17:18 +0000 2020,https://twitter.com/realDonaldTrump/status/1308379796829863942 ,,
1308377344529313796,"United Airlines ?? $UAL
https://t.co/pjtEJgjfE7",2020-09-22T12:07:22.000Z,Tue Sep 22 12:07:22 +0000 2020,https://twitter.com/realDonaldTrump/status/1308377272613822467 ,,
1306565447693803520,"Twitter ¯\_(?)_/¯ $TWTR
https://t.co/taRepBKEGB",2020-09-17T12:07:32.000Z,Thu Sep 17 12:07:32 +0000 2020,https://twitter.com/realDonaldTrump/status/1306565405968920577 ,,
1305491654229585921,"YouTube ?? $GOOG $GOOGL $BLK
https://t.co/qf2d7AfMj2",2020-09-14T13:00:39.000Z,Mon Sep 14 13:00:39 +0000 2020,https://twitter.com/realDonaldTrump/status/1305491586403377152 ,,
1305491242789285889,"Apple Inc. ¯\_(?)_/¯ $AAPL $BRK.A $BRK.B
https://t.co/lTXVw5xK1E",2020-09-14T12:59:01.000Z,Mon Sep 14 12:59:01 +0000 2020,https://twitter.com/realDonaldTrump/status/1305491167719514112 ,,
1305383105348370434,"Twitter ?? $TWTR
https://t.co/9UQvjr5qEw",2020-09-14T05:49:19.000Z,Mon Sep 14 05:49:19 +0000 2020,https://twitter.com/realDonaldTrump/status/1305383058724462593 ,,
1305378697969643521,"FedEx ?? $FDX
https://t.co/AKbaOg1wV4",2020-09-14T05:31:49.000Z,Mon Sep 14 05:31:49 +0000 2020,https://twitter.com/realDonaldTrump/status/1305378656148008960 ,,
1304362365878759426,"JPMorgan Chase ?? $JPM
https://t.co/mfffnGe5kL",2020-09-11T10:13:16.000Z,Fri Sep 11 10:13:16 +0000 2020,https://twitter.com/realDonaldTrump/status/1304362313743560704 ,,
1303397609315487746,"Twitter ?? $TWTR
https://t.co/b7HQPEfkLD",2020-09-08T18:19:40.000Z,Tue Sep 08 18:19:40 +0000 2020,https://twitter.com/realDonaldTrump/status/1303397558396559360 ,,
1303301621439438848,"Twitter ?? $TWTR
https://t.co/2dR8Kwdv9N",2020-09-08T11:58:15.000Z,Tue Sep 08 11:58:15 +0000 2020,https://twitter.com/realDonaldTrump/status/1303301563868479490 ,,
1303104336025866245,"YouTube ?? $GOOG $GOOGL $BLK
https://t.co/4wc4BdEd8W",2020-09-07T22:54:18.000Z,Mon Sep 07 22:54:18 +0000 2020,https://twitter.com/realDonaldTrump/status/1303104272020668417 ,,
1302094664196132864,"NBC ?? $CMCSA
https://t.co/4iOzTVl3qq",2020-09-05T04:02:14.000Z,Sat Sep 05 04:02:14 +0000 2020,https://twitter.com/realDonaldTrump/status/1302094615055609859 ,,
1299898275701628928,"Roku, Inc ¯\_(?)_/¯ $ROKU
https://t.co/0bKG6WmjhE",2020-08-30T02:34:34.000Z,Sun Aug 30 02:34:34 +0000 2020,https://twitter.com/realDonaldTrump/status/1299898222803116032 ,,
1296503550093271042,"Goodyear Tire and Rubber Company ?? $GT
https://t.co/wiAfUZdSm5",2020-08-20T17:45:08.000Z,Thu Aug 20 17:45:08 +0000 2020,https://twitter.com/realDonaldTrump/status/1296503492555702273 ,,
1296414782023753730,"Twitter ?? $TWTR
https://t.co/sX2rI4ifnA",2020-08-20T11:52:24.000Z,Thu Aug 20 11:52:24 +0000 2020,https://twitter.com/realDonaldTrump/status/1296414732627435520 ,,
1296092918470582274,"Goodyear Tire and Rubber Company ?? $GT
https://t.co/h2bMA53iI8",2020-08-19T14:33:26.000Z,Wed Aug 19 14:33:26 +0000 2020,https://twitter.com/realDonaldTrump/status/1296092859226042368 ,,
1295941513596239872,"Twitter ¯\_(?)_/¯ $TWTR
https://t.co/KFvGsBVfYp",2020-08-19T04:31:48.000Z,Wed Aug 19 04:31:48 +0000 2020,https://twitter.com/realDonaldTrump/status/1295941461276532741 ,,
1295855353536614400,"Amazon ¯\_(?)_/¯ $AMZN $BLK
https://t.co/q9Ay7Ssi5S",2020-08-18T22:49:26.000Z,Tue Aug 18 22:49:26 +0000 2020,https://twitter.com/realDonaldTrump/status/1295855291523723264 ,,
1292878060409294848,"Bath Iron Works ?? $GD
https://t.co/GOQloEh2Uc",2020-08-10T17:38:44.000Z,Mon Aug 10 17:38:44 +0000 2020,https://twitter.com/realDonaldTrump/status/1292877984488198147 ,,
1291488560764379137,"Twitter ¯\_(?)_/¯ $TWTR
https://t.co/WFFaqvgWSM",2020-08-06T21:37:22.000Z,Thu Aug 06 21:37:22 +0000 2020,https://twitter.com/realDonaldTrump/status/1291488510525034496 ,,
1291457050120278019,"Whirlpool Corporation ¯\_(?)_/¯ $WHR
https://t.co/410vPseas4",2020-08-06T19:32:09.000Z,Thu Aug 06 19:32:09 +0000 2020,https://twitter.com/realDonaldTrump/status/1291457000283541511 ,,
1289852838084931585,"Twitter ?? $TWTR
https://t.co/J5MoaRQGsl",2020-08-02T09:17:35.000Z,Sun Aug 02 09:17:35 +0000 2020,https://twitter.com/realDonaldTrump/status/1289852785379295232 ,,
1289775251107090433,"Twitter ?? $TWTR
https://t.co/JJN2yywdTT",2020-08-02T04:09:17.000Z,Sun Aug 02 04:09:17 +0000 2020,https://twitter.com/realDonaldTrump/status/1289775204567138304 ,,
1288236246112899072,"Eastman Kodak ¯\_(?)_/¯ $KODK
https://t.co/7G3qoUQajs",2020-07-28T22:13:50.000Z,Tue Jul 28 22:13:50 +0000 2020,https://twitter.com/realDonaldTrump/status/1288236201967849479 ,,
1288236104127324163,"Eastman Kodak ?? $KODK
https://t.co/XLYnX4uWDT",2020-07-28T22:13:16.000Z,Tue Jul 28 22:13:16 +0000 2020,https://twitter.com/realDonaldTrump/status/1288236060011638784 ,,
1288231254714994690,"Eastman Kodak ¯\_(?)_/¯ $KODK
https://t.co/9JijC654vo",2020-07-28T21:53:59.000Z,Tue Jul 28 21:53:59 +0000 2020,https://twitter.com/realDonaldTrump/status/1288231202151956481 ,,
1288231241062522883,"Eastman Kodak ?? $KODK
https://t.co/XluZSu61bg",2020-07-28T21:53:56.000Z,Tue Jul 28 21:53:56 +0000 2020,https://twitter.com/realDonaldTrump/status/1288231189191495682 ,,
1287952930159591425,"Facebook ¯\_(?)_/¯ $FB
https://t.co/4i9W0Rws9R",2020-07-28T03:28:02.000Z,Tue Jul 28 03:28:02 +0000 2020,https://twitter.com/realDonaldTrump/status/1287952879370764295 ,,
1287951813111668737,"Twitter ?? $TWTR
https://t.co/UpfAosW706",2020-07-28T03:23:35.000Z,Tue Jul 28 03:23:35 +0000 2020,https://twitter.com/realDonaldTrump/status/1287951768006131713 ,,
1287880945777827840,"Twitter ?? $TWTR
https://t.co/EJqvfKp8BG",2020-07-27T22:41:59.000Z,Mon Jul 27 22:41:59 +0000 2020,https://twitter.com/realDonaldTrump/status/1287880895051907072 ,,
1287843062207651841,"Moderna ?? $MRNA
https://t.co/Xr2oxTfrnX",2020-07-27T20:11:27.000Z,Mon Jul 27 20:11:27 +0000 2020,https://twitter.com/realDonaldTrump/status/1287843003973984256 ,,
1287539758613368832,"Amazon ?? $AMZN $BLK
https://t.co/QRHUDsBHe5",2020-07-27T00:06:14.000Z,Mon Jul 27 00:06:14 +0000 2020,https://twitter.com/realDonaldTrump/status/1287539708072009730 ,,
1286274354154819585,"Twitter ?? $TWTR
https://t.co/B4Pdind32o",2020-07-23T12:17:58.000Z,Thu Jul 23 12:17:58 +0000 2020,https://twitter.com/realDonaldTrump/status/1286274303529558019 ,,
1286071670659117056,Two years ago this month https://t.co/RJ4kkPCD2s,2020-07-22T22:52:34.000Z,Wed Jul 22 22:52:34 +0000 2020,https://twitter.com/i/events/1016847477272481792 ,,
1286068783174553600,"Pfizer ¯\_(?)_/¯ $PFE
https://t.co/iDlnXdVRnE",2020-07-22T22:41:06.000Z,Wed Jul 22 22:41:06 +0000 2020,https://twitter.com/realDonaldTrump/status/1286068727017091072 ,,
1282888462518104064,"NBC ?? $CMCSA
https://t.co/TulTy3iCl7",2020-07-14T04:03:39.000Z,Tue Jul 14 04:03:39 +0000 2020,https://twitter.com/realDonaldTrump/status/1282888409195974662 ,,
1278386891201613824,"FedEx ?? $FDX
The Scotts Miracle-Gro Company ?? $SMG
https://t.co/phLl1BnOCr",2020-07-01T17:56:00.000Z,Wed Jul 01 17:56:00 +0000 2020,https://twitter.com/realDonaldTrump/status/1278386825552371712 ,,
1277983467331096576,"Google ?? $GOOG $GOOGL $BLK
https://t.co/PccnIYCxbS",2020-06-30T15:12:57.000Z,Tue Jun 30 15:12:57 +0000 2020,https://twitter.com/realDonaldTrump/status/1277983203194781696 ,,
1277431746779365377,"Intel ?? $INTC
https://t.co/rpuDDhJpjg",2020-06-29T02:40:36.000Z,Mon Jun 29 02:40:36 +0000 2020,https://twitter.com/realDonaldTrump/status/1277431695248183298 ,,
1275802892545462273,"Twitter ?? $TWTR
https://t.co/69styk1dIk",2020-06-24T14:48:07.000Z,Wed Jun 24 14:48:07 +0000 2020,https://twitter.com/realDonaldTrump/status/1275802835880296449 ,,
1275291773061992448,"Twitter ?? $TWTR
https://t.co/uMjh5LLSOO",2020-06-23T04:57:07.000Z,Tue Jun 23 04:57:07 +0000 2020,https://twitter.com/realDonaldTrump/status/1275291723804139520 ,,
1273598521086808065,"Google ?? $GOOG $GOOGL $BLK
https://t.co/nnv1kdLvbI",2020-06-18T12:48:44.000Z,Thu Jun 18 12:48:44 +0000 2020,https://twitter.com/realDonaldTrump/status/1273598462093930497 ,,
1273597611245817858,"Amazon ?? $AMZN $BLK
https://t.co/bnJfMwLi1L",2020-06-18T12:45:07.000Z,Thu Jun 18 12:45:07 +0000 2020,https://twitter.com/realDonaldTrump/status/1273597543113424899 ,,
1272637287713701894,"Morgan Stanley ?? $MS
https://t.co/pZpmmgBeIT",2020-06-15T21:09:08.000Z,Mon Jun 15 21:09:08 +0000 2020,https://twitter.com/realDonaldTrump/status/1272637231765864456 ,,
1269077068920295430,"YouTube ?? $GOOG $GOOGL $BLK
https://t.co/uUQgfcnz82",2020-06-06T01:22:06.000Z,Sat Jun 06 01:22:06 +0000 2020,https://twitter.com/realDonaldTrump/status/1269077006127423489 ,,
1269071855308152833,"Twitter ¯\_(?)_/¯ $TWTR
https://t.co/srKTAxoOsY",2020-06-06T01:01:23.000Z,Sat Jun 06 01:01:23 +0000 2020,https://twitter.com/realDonaldTrump/status/1269071790015471621 ,,
1268142253320667136,"Amazon ?? $AMZN $BLK
https://t.co/2sUUBUGlJt",2020-06-03T11:27:28.000Z,Wed Jun 03 11:27:28 +0000 2020,https://twitter.com/realDonaldTrump/status/1268142181489029121 ,,
1267903501390229505,"Macy's ?? $M
https://t.co/bCEUexSItH",2020-06-02T19:38:45.000Z,Tue Jun 02 19:38:45 +0000 2020,https://twitter.com/realDonaldTrump/status/1267903423954980864 ,,
1267668179217768448,"Twitter ?? $TWTR
https://t.co/Z62SZZSQ3x",2020-06-02T04:03:40.000Z,Tue Jun 02 04:03:40 +0000 2020,https://twitter.com/realDonaldTrump/status/1267668117439885313 ,,
1267664046918074376,"Twitter ?? $TWTR
https://t.co/zeVm4cLMCI",2020-06-02T03:47:15.000Z,Tue Jun 02 03:47:15 +0000 2020,https://twitter.com/realDonaldTrump/status/1267663880077148160 ,,
1266569686982045704,"Twitter ?? $TWTR
https://t.co/EWE7RsOtAz",2020-05-30T03:18:39.000Z,Sat May 30 03:18:39 +0000 2020,https://twitter.com/realDonaldTrump/status/1266568894568955909 ,,
1266568933957607428,"Twitter ?? $TWTR
https://t.co/vNH6rr3bQ4",2020-05-30T03:15:40.000Z,Sat May 30 03:15:40 +0000 2020,https://twitter.com/realDonaldTrump/status/1266568857201913862 ,,
1266349837823270912,"Twitter ¯\_(?)_/¯ $TWTR
https://t.co/OJEL7onKpy",2020-05-29T12:45:03.000Z,Fri May 29 12:45:03 +0000 2020,https://twitter.com/realDonaldTrump/status/1266349790507515905 ,,
1266347034971381761,"Twitter ?? $TWTR
https://t.co/NojArrb5eM",2020-05-29T12:33:55.000Z,Fri May 29 12:33:55 +0000 2020,https://twitter.com/realDonaldTrump/status/1266346957611708417 ,,
1266326144929931266,"Twitter ?? $TWTR
https://t.co/KpN7MgJelZ",2020-05-29T11:10:54.000Z,Fri May 29 11:10:54 +0000 2020,https://twitter.com/realDonaldTrump/status/1266326065833824257 ,,
1266169703757733891,"Twitter ?? $TWTR
Facebook, Inc. ?? $FB
https://t.co/hvfOalPb1O",2020-05-29T00:49:16.000Z,Fri May 29 00:49:16 +0000 2020,https://twitter.com/realDonaldTrump/status/1266169633016631297 ,,
1266047661335105537,"Twitter ?? $TWTR
https://t.co/jHs0FHsm5Y",2020-05-28T16:44:19.000Z,Thu May 28 16:44:19 +0000 2020,https://twitter.com/realDonaldTrump/status/1266047584038256640 ,,
1265493264418902017,"YouTube ?? $GOOG $GOOGL $BLK
https://t.co/az9MIfpV8I",2020-05-27T04:01:20.000Z,Wed May 27 04:01:20 +0000 2020,https://twitter.com/realDonaldTrump/status/1265493204121587714 ,,
1265493182617395200,"Twitter ?? $TWTR
https://t.co/a5dqa1oIEu",2020-05-27T04:01:01.000Z,Wed May 27 04:01:01 +0000 2020,https://twitter.com/realDonaldTrump/status/1265493120072011778 ,,
1265473586644635649,"Simon &amp; Schuster ?? $CBS $CBSA
https://t.co/fB7pxZdqcJ",2020-05-27T02:43:09.000Z,Wed May 27 02:43:09 +0000 2020,https://twitter.com/realDonaldTrump/status/1265473520294903808 ,,
1265427615663431680,"Twitter ?? $TWTR
https://t.co/3nnEJd2U5R",2020-05-26T23:40:28.000Z,Tue May 26 23:40:28 +0000 2020,https://twitter.com/realDonaldTrump/status/1265427538140188676 ,,
1265427580922060802,"Twitter ?? $TWTR
https://t.co/xd5ndFFoZ8",2020-05-26T23:40:20.000Z,Tue May 26 23:40:20 +0000 2020,https://twitter.com/realDonaldTrump/status/1265427539008380928 ,,
1264176106908848128,"Ford Motor Company ?? $F
https://t.co/foA5ADIfOd",2020-05-23T12:47:25.000Z,Sat May 23 12:47:25 +0000 2020,https://twitter.com/realDonaldTrump/status/1264176046766776321 ,,
1264175944144732161,"Ford Motor Company ?? $F
https://t.co/M122VjXnts",2020-05-23T12:46:46.000Z,Sat May 23 12:46:46 +0000 2020,https://twitter.com/realDonaldTrump/status/1264175892047237121 ,,
1263671203342016520,"Ford Motor Company ?? $F
https://t.co/6INJZZqj0X",2020-05-22T03:21:07.000Z,Fri May 22 03:21:07 +0000 2020,https://twitter.com/realDonaldTrump/status/1263671099000315907 ,,
1263669493127090183,"Ford Motor Company ¯\_(?)_/¯ $F
https://t.co/Lg5uJyP9wy",2020-05-22T03:14:19.000Z,Fri May 22 03:14:19 +0000 2020,https://twitter.com/realDonaldTrump/status/1263669433366728704 ,,
1263579360566509568,"Ford Motor Company ?? $F
https://t.co/WPoKwFDgwK",2020-05-21T21:16:10.000Z,Thu May 21 21:16:10 +0000 2020,https://twitter.com/realDonaldTrump/status/1263579299946299392 ,,
1261626758547333120,"Google ?? $GOOG $GOOGL $BLK
Instagram ?? $FB
Twitter ?? $TWTR
https://t.co/G6xLdNJ58k",2020-05-16T11:57:13.000Z,Sat May 16 11:57:13 +0000 2020,https://twitter.com/realDonaldTrump/status/1261626674686447621 ,,
1260203177091256323,"Tesla ¯\_(?)_/¯ $TSLA $TROW
https://t.co/1PTw9wJSP3",2020-05-12T13:40:25.000Z,Tue May 12 13:40:25 +0000 2020,https://twitter.com/realDonaldTrump/status/1260203080076931072 ,,
1259487538793910272,"Twitter ¯\_(?)_/¯ $TWTR
https://t.co/4o6tPFucPZ",2020-05-10T14:16:44.000Z,Sun May 10 14:16:44 +0000 2020,https://twitter.com/realDonaldTrump/status/1259487488340615169 ,,
1257873300086312961,"Honeywell ¯\_(?)_/¯ $HON
https://t.co/dd4XwotmZ3",2020-05-06T03:22:19.000Z,Wed May 06 03:22:19 +0000 2020,https://twitter.com/realDonaldTrump/status/1257873257732214784 ,,
1256190766310920192,"General Motors ¯\_(?)_/¯ $GM
https://t.co/IXCCsW77SG",2020-05-01T11:56:32.000Z,Fri May 01 11:56:32 +0000 2020,https://twitter.com/realDonaldTrump/status/1256190701618028544 ,,
1255842482589442059,"BP ?? $BP
Alaska Airlines ?? $ALK
FedEx ?? $FDX
https://t.co/LMeOk8zXcM",2020-04-30T12:52:34.000Z,Thu Apr 30 12:52:34 +0000 2020,https://twitter.com/realDonaldTrump/status/1255842414713061377 ,,
1255485391756578833,"Yahoo ?? $BLK $VZ
https://t.co/uS4RGhUFXq",2020-04-29T13:13:37.000Z,Wed Apr 29 13:13:37 +0000 2020,https://twitter.com/realDonaldTrump/status/1255485332339990528 ,,
1252437066580803590,"Google ?? $GOOG $GOOGL $BLK
https://t.co/CeXLGViS5t",2020-04-21T03:20:40.000Z,Tue Apr 21 03:20:40 +0000 2020,https://twitter.com/realDonaldTrump/status/1252437010515505153 ,,
1251703815528763397,"Honeywell ?? $HON
https://t.co/H3vtC7dTq2",2020-04-19T02:46:59.000Z,Sun Apr 19 02:46:59 +0000 2020,https://twitter.com/realDonaldTrump/status/1251703767067754496 ,,
1251556523052064770,"Honeywell ?? $HON
https://t.co/q4GL8d6wlY",2020-04-18T17:01:42.000Z,Sat Apr 18 17:01:42 +0000 2020,https://twitter.com/realDonaldTrump/status/1251556482379890688 ,,
1249370474276179968,"The Home Depot ?? $HD
https://t.co/TwfYtjlHw1",2020-04-12T16:15:07.000Z,Sun Apr 12 16:15:07 +0000 2020,https://twitter.com/realDonaldTrump/status/1249370410422095872 ,,
1249369404602822659,"The Home Depot ?? $HD
https://t.co/vRCF2S2QFf",2020-04-12T16:10:52.000Z,Sun Apr 12 16:10:52 +0000 2020,https://twitter.com/realDonaldTrump/status/1249369344540377089 ,,
1249135903488061442,"American Airlines ?? $AAL
https://t.co/X6v39TyD12",2020-04-12T00:43:01.000Z,Sun Apr 12 00:43:01 +0000 2020,https://twitter.com/realDonaldTrump/status/1249135849134067713 ,,
1249045380211322882,"Amazon ?? $AMZN $BLK
https://t.co/54DOk8hNgu",2020-04-11T18:43:19.000Z,Sat Apr 11 18:43:19 +0000 2020,https://twitter.com/realDonaldTrump/status/1249045314994081795 ,,
1248026673674694662,"DuPont ?? $DD
https://t.co/fUnupTQOd1",2020-04-08T23:15:20.000Z,Wed Apr 08 23:15:20 +0000 2020,https://twitter.com/realDonaldTrump/status/1248026598860881921 ,,
1246147978819223552,"Bank of America ?? $BAC $BRK.A $BRK.B $BLK
https://t.co/Prayl138DV",2020-04-03T18:50:05.000Z,Fri Apr 03 18:50:05 +0000 2020,https://twitter.com/realDonaldTrump/status/1246147919859920896 ,,
1246123957687910402,"Keystone Pipeline ?? $TRP
https://t.co/5sWdCKJPHb",2020-04-03T17:14:38.000Z,Fri Apr 03 17:14:38 +0000 2020,https://twitter.com/realDonaldTrump/status/1246123892550389760 ,,
1245876881993404416,"3M ?? $MMM
https://t.co/ljZXMUkR6B",2020-04-03T00:52:50.000Z,Fri Apr 03 00:52:50 +0000 2020,https://twitter.com/realDonaldTrump/status/1245876816922972162 ,,
1245702865244561408,"Amazon ?? $AMZN $BLK
https://t.co/e9wrrmv2Wj",2020-04-02T13:21:21.000Z,Thu Apr 02 13:21:21 +0000 2020,https://twitter.com/realDonaldTrump/status/1245702804611780610 ,,
1245003145941483522,"Ford Motor Company ?? $F
https://t.co/ln79FEFWE4",2020-03-31T15:00:55.000Z,Tue Mar 31 15:00:55 +0000 2020,https://twitter.com/realDonaldTrump/status/1245003052467261441 ,,
1243596622606618631,"Apple Inc. ?? $AAPL $BLK
https://t.co/AYp29RxUUv",2020-03-27T17:51:54.000Z,Fri Mar 27 17:51:54 +0000 2020,https://twitter.com/realDonaldTrump/status/1243596547754991619 ,,
1243559450142703616,"General Motors ?? $GM
Ford ?? $F
https://t.co/5gRdOXr97w",2020-03-27T15:24:11.000Z,Fri Mar 27 15:24:11 +0000 2020,https://twitter.com/realDonaldTrump/status/1243559373395410957 ,,
1243557894961999874,"General Motors ?? $GM
https://t.co/nbkpWg43KA",2020-03-27T15:18:01.000Z,Fri Mar 27 15:18:01 +0000 2020,https://twitter.com/realDonaldTrump/status/1243557418556162050 ,,
1242567545217048576,"National Steel and Shipbuilding Company ?? $GD
https://t.co/5eEdzYWCHG",2020-03-24T21:42:43.000Z,Tue Mar 24 21:42:43 +0000 2020,https://twitter.com/realDonaldTrump/status/1242567486874230790 ,,
1242070388563214341,"Walmart ?? $WMT $BLK $STT
https://t.co/nsmLrf0AxF",2020-03-23T12:47:11.000Z,Mon Mar 23 12:47:11 +0000 2020,https://twitter.com/realDonaldTrump/status/1242070326827257858 ,,
1241779862123229184,"United Parcel Service ?? $UPS
https://t.co/5fB6sDQcLU",2020-03-22T17:32:44.000Z,Sun Mar 22 17:32:44 +0000 2020,https://twitter.com/realDonaldTrump/status/1241779803344248835 ,,
1241738815745777676,"FedEx ?? $FDX
https://t.co/LJnOLaAlwT",2020-03-22T14:49:38.000Z,Sun Mar 22 14:49:38 +0000 2020,https://twitter.com/realDonaldTrump/status/1241738770640232448 ,,
1241732751532974092,"General Motors ?? $GM
Tesla ?? $TSLA $TROW
Ford Motor Company ?? $F
https://t.co/7IDpjmdn4X",2020-03-22T14:25:32.000Z,Sun Mar 22 14:25:32 +0000 2020,https://twitter.com/realDonaldTrump/status/1241732681366482944 ,,
1241717756132831232,"Ferrari ¯\_(?)_/¯ $RACE
https://t.co/EKWykdgmiv",2020-03-22T13:25:57.000Z,Sun Mar 22 13:25:57 +0000 2020,https://twitter.com/realDonaldTrump/status/1241717700839247873 ,,
1241717095659954179,"Ford Motor Company ¯\_(?)_/¯ $F
https://t.co/w75i7OLJZz",2020-03-22T13:23:20.000Z,Sun Mar 22 13:23:20 +0000 2020,https://twitter.com/realDonaldTrump/status/1241717036562219014 ,,
1241570514604363783,"CVS Pharmacy ?? $CVS
https://t.co/qkSAcdi1oi",2020-03-22T03:40:52.000Z,Sun Mar 22 03:40:52 +0000 2020,https://twitter.com/realDonaldTrump/status/1241570447344447488 ,,
1239993367389442054,"Skype ?? $BLK $MSFT
https://t.co/wVzNDi0Xjp",2020-03-17T19:13:51.000Z,Tue Mar 17 19:13:51 +0000 2020,https://twitter.com/realDonaldTrump/status/1239993298573500418 ,,
1239992955542347776,"PepsiCo ?? $PEP $BLK
https://t.co/g7MFAzuYtN",2020-03-17T19:12:13.000Z,Tue Mar 17 19:12:13 +0000 2020,https://twitter.com/realDonaldTrump/status/1239992890971078656 ,,
1239252489360326656,"Google ?? $GOOG $GOOGL $BLK
https://t.co/ezw0eRH7Us",2020-03-15T18:09:52.000Z,Sun Mar 15 18:09:52 +0000 2020,https://twitter.com/realDonaldTrump/status/1239252425346867207 ,,
1239252231196684288,"Google ?? $GOOG $GOOGL $BLK
https://t.co/x7hY82QIKd",2020-03-15T18:08:50.000Z,Sun Mar 15 18:08:50 +0000 2020,https://twitter.com/realDonaldTrump/status/1239252169150410752 ,,
1239201439697842178,"Royal Caribbean International ?? $RCL
https://t.co/eXwggux01k",2020-03-15T14:47:01.000Z,Sun Mar 15 14:47:01 +0000 2020,https://twitter.com/realDonaldTrump/status/1239201372962160642 ,,
1238591054636613634,"Carnival Cruise Line ?? $CCL
Royal Caribbean International ?? $RCL
https://t.co/19qDfzx1O1",2020-03-13T22:21:33.000Z,Fri Mar 13 22:21:33 +0000 2020,https://twitter.com/realDonaldTrump/status/1238590988593086464 ,,
1238276940563394560,"Princess Cruises ?? $CCL
https://t.co/l2QsagmUA6",2020-03-13T01:33:23.000Z,Fri Mar 13 01:33:23 +0000 2020,https://twitter.com/realDonaldTrump/status/1238276872368259072 ,,
1237340961061158913,"Comcast ¯\_(?)_/¯ $CMCSA
https://t.co/cwuVjCdD89",2020-03-10T11:34:08.000Z,Tue Mar 10 11:34:08 +0000 2020,https://twitter.com/realDonaldTrump/status/1237340894610759680 ,,
1236973201743364098,"Amazon ?? $AMZN $BLK
https://t.co/IshGK4ghm1",2020-03-09T11:12:47.000Z,Mon Mar 09 11:12:47 +0000 2020,https://twitter.com/realDonaldTrump/status/1236973148056272898 ,,
1235573574905163776,"Comcast ?? $CMCSA
https://t.co/KqVhfjJFMu",2020-03-05T14:31:10.000Z,Thu Mar 05 14:31:10 +0000 2020,https://twitter.com/realDonaldTrump/status/1235573492004904961 ,,
1234483515435208705,"General Electric ?? $GE
https://t.co/vcJbABVyQA",2020-03-02T14:19:40.000Z,Mon Mar 02 14:19:40 +0000 2020,https://twitter.com/realDonaldTrump/status/1234483443712561157 ,,
1231367034509893633,"Mini ?? $BMWYY $BLK
https://t.co/EQ7RTEekfS",2020-02-22T23:55:53.000Z,Sat Feb 22 23:55:53 +0000 2020,https://twitter.com/realDonaldTrump/status/1231366964611866625 ,,
1231344057231794177,"Denny's ¯\_(?)_/¯ $DENN
https://t.co/rW8PkNNOEf",2020-02-22T22:24:35.000Z,Sat Feb 22 22:24:35 +0000 2020,https://twitter.com/realDonaldTrump/status/1231343990647279617 ,,
1230143754906034176,"Mini ?? $BMWYY $BLK
https://t.co/6Z509q2Jvf",2020-02-19T14:55:00.000Z,Wed Feb 19 14:55:00 +0000 2020,https://twitter.com/realDonaldTrump/status/1230143683699175424 ,,
1228463643391614976,"Facebook ?? $FB
https://t.co/mwYU1hPs6k",2020-02-14T23:38:50.000Z,Fri Feb 14 23:38:50 +0000 2020,https://twitter.com/realDonaldTrump/status/1228463577335554049 ,,
1228418963702415360,"Carnival Cruise Line ?? $CCL
https://t.co/aI6xbS3FL1",2020-02-14T20:41:18.000Z,Fri Feb 14 20:41:18 +0000 2020,https://twitter.com/realDonaldTrump/status/1228418892663488517 ,,
1226530974898511872,"California's Great America ?? $FUN
https://t.co/qqzs6eP0NL",2020-02-09T15:39:06.000Z,Sun Feb 09 15:39:06 +0000 2020,https://twitter.com/realDonaldTrump/status/1226530912491507713 ,,
1224546184519438341,"Beechcraft ¯\_(?)_/¯ $GS $TXT
Raytheon ¯\_(?)_/¯ $RTN
https://t.co/SdbG5oS6sY",2020-02-04T04:12:16.000Z,Tue Feb 04 04:12:16 +0000 2020,https://twitter.com/realDonaldTrump/status/1224546130379386881 ,,
1223608327906713601,"Yahoo ?? $BLK $VZ
https://t.co/1QzzryHdWb",2020-02-01T14:05:33.000Z,Sat Feb 01 14:05:33 +0000 2020,https://twitter.com/realDonaldTrump/status/1223608267806367744 ,,
1222001627634262018,"Boeing ¯\_(?)_/¯ $BA $BLK $TROW
https://t.co/OQoaKlgK9X",2020-01-28T03:41:06.000Z,Tue Jan 28 03:41:06 +0000 2020,https://twitter.com/realDonaldTrump/status/1222001554061955074 ,,
1217455811074674693,"Apple Inc. ?? $AAPL $BLK $PNC
https://t.co/fTu5Oua8DV",2020-01-15T14:37:39.000Z,Wed Jan 15 14:37:39 +0000 2020,https://twitter.com/realDonaldTrump/status/1217455748919316485 ,,
1217229023027306496,"Apple Inc. ?? $AAPL $BLK $PNC
https://t.co/IngiIYjCc6",2020-01-14T23:36:28.000Z,Tue Jan 14 23:36:28 +0000 2020,https://twitter.com/realDonaldTrump/status/1217228960964038658 ,,
1213138928531910657,"American Airlines ¯\_(?)_/¯ $AAL
https://t.co/fD7Fe0yN9v",2020-01-03T16:43:54.000Z,Fri Jan 03 16:43:54 +0000 2020,https://twitter.com/realDonaldTrump/status/1213138875700396034 ,,
1212550659641421824,"AT&amp;T ?? $T
https://t.co/4BSGOlZ8w8",2020-01-02T01:46:20.000Z,Thu Jan 02 01:46:20 +0000 2020,https://twitter.com/realDonaldTrump/status/1212550610429587456 ,,
1210353558320754689,"NASDAQ ?? $NDAQ
https://t.co/EWdP2ghEfP",2019-12-27T00:15:50.000Z,Fri Dec 27 00:15:50 +0000 2019,https://twitter.com/realDonaldTrump/status/1210353499990634497 ,,
1209262193105080326,"NASDAQ ?? $NDAQ
https://t.co/UqyB6azjZq",2019-12-23T23:59:08.000Z,Mon Dec 23 23:59:08 +0000 2019,https://twitter.com/realDonaldTrump/status/1209262137182445569 ,,
1208231628847427585,"Apple Inc. ?? $AAPL $BLK $PNC
https://t.co/97ovje6lrz",2019-12-21T03:44:02.000Z,Sat Dec 21 03:44:02 +0000 2019,https://twitter.com/realDonaldTrump/status/1208231562552188930 ,,
1207668984151195655,"YouTube ¯\_(?)_/¯ $GOOG $GOOGL $BLK $PNC
https://t.co/Ojt2qJfMBr",2019-12-19T14:28:17.000Z,Thu Dec 19 14:28:17 +0000 2019,https://twitter.com/realDonaldTrump/status/1207668925955227648 ,,
1206566716345659392,"Facebook ¯\_(?)_/¯ $FB
https://t.co/jd6so9nO5u",2019-12-16T13:28:16.000Z,Mon Dec 16 13:28:16 +0000 2019,https://twitter.com/realDonaldTrump/status/1206566664822837254 ,,
1203148854306246656,"Facebook ?? $FB
https://t.co/KFbgNwDKbf",2019-12-07T03:06:54.000Z,Sat Dec 07 03:06:54 +0000 2019,https://twitter.com/realDonaldTrump/status/1203148801193758722 ,,
1199185956315844608,"NASDAQ ¯\_(?)_/¯ $NDAQ
https://t.co/P720mfh8SC",2019-11-26T04:39:46.000Z,Tue Nov 26 04:39:46 +0000 2019,https://twitter.com/realDonaldTrump/status/1199185901651447809 ,,
1199091867691995136,"NASDAQ ?? $NDAQ
https://t.co/okmp6VLuoC",2019-11-25T22:25:53.000Z,Mon Nov 25 22:25:53 +0000 2019,https://twitter.com/realDonaldTrump/status/1199091814340472832 ,,
1198464708908589056,"Apple Inc. ?? $AAPL $BLK $PNC
https://t.co/vXQpEmbp8X",2019-11-24T04:53:47.000Z,Sun Nov 24 04:53:47 +0000 2019,https://twitter.com/realDonaldTrump/status/1198464662960066560 ,,
1197492858586095622,"Apple Inc. ?? $AAPL $BLK $PNC
https://t.co/eff2tOTTca",2019-11-21T12:32:00.000Z,Thu Nov 21 12:32:00 +0000 2019,https://twitter.com/realDonaldTrump/status/1197492772850348034 ,,
1197293314275459074,"Apple Inc. ?? $AAPL $BLK $PNC
https://t.co/fFB9A3Wu8n",2019-11-20T23:19:05.000Z,Wed Nov 20 23:19:05 +0000 2019,https://twitter.com/realDonaldTrump/status/1197293250115014656 ,,
1196791223765348353,"NASDAQ ¯\_(?)_/¯ $NDAQ
https://t.co/BWiMiV4Oqj",2019-11-19T14:03:57.000Z,Tue Nov 19 14:03:57 +0000 2019,https://twitter.com/realDonaldTrump/status/1196791181163847682 ,,
1194986542529466368,"Walmart ¯\_(?)_/¯ $WMT $BLK $PNC $STT
https://t.co/KRnNW6boyn",2019-11-14T14:32:48.000Z,Thu Nov 14 14:32:48 +0000 2019,https://twitter.com/realDonaldTrump/status/1194986487588311040 ,,
1191007444929056768,"Madison Square Garden ?? $MSG
https://t.co/UR2UcMNV6f",2019-11-03T15:01:17.000Z,Sun Nov 03 15:01:17 +0000 2019,https://twitter.com/realDonaldTrump/status/1191007372673720321 ,,
1190838909430894592,"Madison Square Garden ?? $MSG
https://t.co/vO9qeQhaTi",2019-11-03T03:51:35.000Z,Sun Nov 03 03:51:35 +0000 2019,https://twitter.com/realDonaldTrump/status/1190838851327135745 ,,
1190269550044106752,"NASDAQ ?? $NDAQ
https://t.co/NWUCoaylHS",2019-11-01T14:09:09.000Z,Fri Nov 01 14:09:09 +0000 2019,https://twitter.com/realDonaldTrump/status/1190269494788263936 ,,
1190250189493297152,"General Motors ?? $GM
https://t.co/I3u53kjv2P",2019-11-01T12:52:13.000Z,Fri Nov 01 12:52:13 +0000 2019,https://twitter.com/realDonaldTrump/status/1190250133071519745 ,,
1189592857885204481,"General Motors ¯\_(?)_/¯ $GM
https://t.co/2cYyki7kSt",2019-10-30T17:20:13.000Z,Wed Oct 30 17:20:13 +0000 2019,https://twitter.com/realDonaldTrump/status/1189592785311223815 ,,
1188532021523402753,#SiliconValleyHBO ¯\_(?)_/¯ $TWX https://t.co/cN6kzV8Irp,2019-10-27T19:04:50.000Z,Sun Oct 27 19:04:50 +0000 2019,,video,https://video.twimg.com/ext_tw_video/1188531974203297793/pu/vid/854x480/rYqHVqEGrYv3AITu.mp4?tag=10
1187547525651279875,"Instagram ?? $FB
https://t.co/qJoghIHz5U",2019-10-25T01:52:48.000Z,Fri Oct 25 01:52:48 +0000 2019,https://twitter.com/realDonaldTrump/status/1187547459700121600 ,,
1183796029763796994,"Cisco Systems ?? $CSCO
https://t.co/8JYMl4EzNl",2019-10-14T17:25:42.000Z,Mon Oct 14 17:25:42 +0000 2019,https://twitter.com/realDonaldTrump/status/1183795966350123013 ,,
1183021898655043584,"Boeing ?? $BA $BLK $PNC $TROW
https://t.co/t3jAQFGt99",2019-10-12T14:09:34.000Z,Sat Oct 12 14:09:34 +0000 2019,https://twitter.com/realDonaldTrump/status/1183021806493556736 ,,
1181571655149264898,"Uber ?? $UBER
https://t.co/3qMM92ev3y",2019-10-08T14:06:49.000Z,Tue Oct 08 14:06:49 +0000 2019,https://twitter.com/realDonaldTrump/status/1181571571787403265 ,,
1181547401225670659,"Lockheed Martin ?? $LMT
https://t.co/xvqhID5X6O",2019-10-08T12:30:27.000Z,Tue Oct 08 12:30:27 +0000 2019,https://twitter.com/realDonaldTrump/status/1181547331822456832 ,,
1178974891711897600,"Aptiv ¯\_(?)_/¯ $APTV $DLPH
https://t.co/bZ5kwfn3Wu",2019-10-01T10:08:13.000Z,Tue Oct 01 10:08:13 +0000 2019,https://twitter.com/realDonaldTrump/status/1178974829669683200 ,,
1178974804516450305,"Apple Inc. ?? $AAPL $BLK $PNC
https://t.co/f9WYoa1q5p",2019-10-01T10:07:52.000Z,Tue Oct 01 10:07:52 +0000 2019,https://twitter.com/realDonaldTrump/status/1178974732772925441 ,,
1178748432183435264,"Aptiv ?? $APTV $DLPH
https://t.co/o2iOJyDoTZ",2019-09-30T19:08:20.000Z,Mon Sep 30 19:08:20 +0000 2019,https://twitter.com/realDonaldTrump/status/1178748369709256704 ,,
1178747524879978497,"Apple Inc. ?? $AAPL $BLK $PNC
https://t.co/MaXSMqxmQB",2019-09-30T19:04:44.000Z,Mon Sep 30 19:04:44 +0000 2019,https://twitter.com/realDonaldTrump/status/1178747450120708097 ,,
1174836397380919296,"Facebook ?? $FB
https://t.co/PuDv3GkJhD",2019-09-20T00:03:19.000Z,Fri Sep 20 00:03:19 +0000 2019,https://twitter.com/realDonaldTrump/status/1174836342552969217 ,,
1173369520372817921,"General Motors ?? $GM
https://t.co/qhtZmOGM8p",2019-09-15T22:54:28.000Z,Sun Sep 15 22:54:28 +0000 2019,https://twitter.com/realDonaldTrump/status/1173369474730381314 ,,
1172858644746113024,"Comcast ?? $CMCSA
https://t.co/DTwtpNtC9a",2019-09-14T13:04:26.000Z,Sat Sep 14 13:04:26 +0000 2019,https://twitter.com/realDonaldTrump/status/1172858577951821825 ,,
1167771983549030400,"Hino Motors ?? $TM
https://t.co/wXYO5dSzB1",2019-08-31T12:11:51.000Z,Sat Aug 31 12:11:51 +0000 2019,https://twitter.com/realDonaldTrump/status/1167771932835688448 ,,
1167686242391093248,@sawaba Agree to disagree,2019-08-31T06:31:09.000Z,Sat Aug 31 06:31:09 +0000 2019,,,
1167552193982894080,@sawaba Your word against mine,2019-08-30T21:38:29.000Z,Fri Aug 30 21:38:29 +0000 2019,,,
1167511857659338763,"Instagram ?? $FB
https://t.co/zXuHHbsd0A",2019-08-30T18:58:12.000Z,Fri Aug 30 18:58:12 +0000 2019,https://twitter.com/realDonaldTrump/status/1167511801984114691 ,,
1167486586130321408,"@mattcasey @realDonaldTrump Jeez, Matt. I'm right here.",2019-08-30T17:17:47.000Z,Fri Aug 30 17:17:47 +0000 2019,,,
1166357321271992322,"Amazon ¯\_(?)_/¯ $AMZN
https://t.co/ayg8vnTqhP",2019-08-27T14:30:29.000Z,Tue Aug 27 14:30:29 +0000 2019,https://twitter.com/realDonaldTrump/status/1166357258726498304 ,,
1165095953382006785,@BOTUS ahem,2019-08-24T02:58:16.000Z,Sat Aug 24 02:58:16 +0000 2019,,,
1165015803764207616,Our great American companies are hereby ordered to make their stock price match my tweets.,2019-08-23T21:39:47.000Z,Fri Aug 23 21:39:47 +0000 2019,,,
1164915028312690691,"FedEx ¯\_(?)_/¯ $FDX
https://t.co/gqLK0E5Ayx",2019-08-23T14:59:20.000Z,Fri Aug 23 14:59:20 +0000 2019,https://twitter.com/realDonaldTrump/status/1164914962529247232 ,,
1164308881054556161,"Ford Motor Company ?? $F
General Motors ?? $GM
https://t.co/DqGzCLNy0R",2019-08-21T22:50:43.000Z,Wed Aug 21 22:50:43 +0000 2019,https://twitter.com/realDonaldTrump/status/1164308814759260161 ,,
1163809211295379456,"Google ¯\_(?)_/¯ $GOOG $GOOGL $BLK $PNC
https://t.co/URKCgseSIZ",2019-08-20T13:45:13.000Z,Tue Aug 20 13:45:13 +0000 2019,https://twitter.com/realDonaldTrump/status/1163809149916000256 ,,
1163802062087475200,"General Motors ¯\_(?)_/¯ $GM
https://t.co/8oEMfrDwnL",2019-08-20T13:16:48.000Z,Tue Aug 20 13:16:48 +0000 2019,https://twitter.com/realDonaldTrump/status/1163802003434291200 ,,
1162500424131387399,"Apple ?? $AAPL $BLK $PNC
https://t.co/HMXx36mhek",2019-08-16T23:04:33.000Z,Fri Aug 16 23:04:33 +0000 2019,https://twitter.com/realDonaldTrump/status/1162500362810642437 ,,
1162096277141753858,"Walmart ?? $WMT $STT
https://t.co/NAKmGTgb8v",2019-08-15T20:18:37.000Z,Thu Aug 15 20:18:37 +0000 2019,https://twitter.com/realDonaldTrump/status/1162096224486510592 ,,
1161331882686066694,"Google ?? $GOOG $GOOGL $BLK $PNC
https://t.co/FhJ8eHsfjR",2019-08-13T17:41:11.000Z,Tue Aug 13 17:41:11 +0000 2019,https://twitter.com/realDonaldTrump/status/1161331823563149312 ,,
1159473974058860544,"John Deere ?? $DE
https://t.co/YZxcq8Jhjl",2019-08-08T14:38:32.000Z,Thu Aug 08 14:38:32 +0000 2019,https://twitter.com/realDonaldTrump/status/1159473911748317189 ,,
1159473968304336897,"Boeing ¯\_(?)_/¯ $BA
https://t.co/JtywiHqCmA",2019-08-08T14:38:30.000Z,Thu Aug 08 14:38:30 +0000 2019,https://twitter.com/realDonaldTrump/status/1159473909827297281 ,,
1158706131226832896,"Google ?? $GOOG $GOOGL $BLK $PNC
https://t.co/J6vKeaTMaJ",2019-08-06T11:47:24.000Z,Tue Aug 06 11:47:24 +0000 2019,https://twitter.com/realDonaldTrump/status/1158706058724040704 ,,
1158706122569768960,"Google ?? $GOOG $GOOGL $BLK $PNC
https://t.co/KKY3K9UtIp",2019-08-06T11:47:21.000Z,Tue Aug 06 11:47:21 +0000 2019,https://twitter.com/realDonaldTrump/status/1158706056677199874 ,,
1158706120178962432,"Google ?? $GOOG $GOOGL $BLK $PNC
https://t.co/vGreWLhLau",2019-08-06T11:47:21.000Z,Tue Aug 06 11:47:21 +0000 2019,https://twitter.com/realDonaldTrump/status/1158706052768157701 ,,
1158551581765328896,"Google ¯\_(?)_/¯ $GOOG $GOOGL $BLK $PNC
https://t.co/8suFMaxWEM",2019-08-06T01:33:16.000Z,Tue Aug 06 01:33:16 +0000 2019,https://twitter.com/realDonaldTrump/status/1158551525817536512 ,,
1155787789390233600,"Comcast ?? $CMCSA
https://t.co/irrElvmKbT",2019-07-29T10:30:57.000Z,Mon Jul 29 10:30:57 +0000 2019,https://twitter.com/realDonaldTrump/status/1155787721576779776 ,,
1154774719343841280,"Apple ¯\_(?)_/¯ $AAPL $BLK $PNC
https://t.co/eAlcyfpFTp",2019-07-26T15:25:22.000Z,Fri Jul 26 15:25:22 +0000 2019,https://twitter.com/realDonaldTrump/status/1154774656861257732 ,,
1154755519246163969,"Apple ¯\_(?)_/¯ $AAPL $BLK $PNC
https://t.co/WALFPI3YZI",2019-07-26T14:09:04.000Z,Fri Jul 26 14:09:04 +0000 2019,https://twitter.com/realDonaldTrump/status/1154755462925099008 ,,
1154753995275165698,"Google ?? $GOOG $GOOGL $BLK $PNC
https://t.co/ynYYiNj4rk",2019-07-26T14:03:01.000Z,Fri Jul 26 14:03:01 +0000 2019,https://twitter.com/realDonaldTrump/status/1154753932259991552 ,,
1151095742137864193,"Google ?? $GOOG $GOOGL $BLK $PNC
https://t.co/Cvw3JefI09",2019-07-16T11:46:25.000Z,Tue Jul 16 11:46:25 +0000 2019,https://twitter.com/realDonaldTrump/status/1151095675213553664 ,,
1149812598784876544,"NASDAQ ?? $NDAQ
https://t.co/lip634JSSt",2019-07-12T22:47:40.000Z,Fri Jul 12 22:47:40 +0000 2019,https://twitter.com/realDonaldTrump/status/1149812548625195008 ,,
1149334681583849473,"Sikorsky Aircraft Corporation ?? $LMT $UTX
https://t.co/O9trbv6ykp",2019-07-11T15:08:36.000Z,Thu Jul 11 15:08:36 +0000 2019,https://twitter.com/realDonaldTrump/status/1149334626311294976 ,,
1149107777551446016,"Lockheed Martin ?? $LMT
https://t.co/t0MsPEPMzm",2019-07-11T00:06:58.000Z,Thu Jul 11 00:06:58 +0000 2019,https://twitter.com/realDonaldTrump/status/1149107725005180931 ,,
1149107775613689858,"Lockheed Martin ?? $LMT
https://t.co/5uvCiTWvv8",2019-07-11T00:06:57.000Z,Thu Jul 11 00:06:57 +0000 2019,https://twitter.com/realDonaldTrump/status/1149107726565462018 ,,
1148766381753753600,"The Home Depot ?? $HD
https://t.co/kytjgqtehx",2019-07-10T01:30:23.000Z,Wed Jul 10 01:30:23 +0000 2019,https://twitter.com/realDonaldTrump/status/1148766318906281985 ,,
1148766368768110592,"The Home Depot ?? $HD
https://t.co/3cuc1QtzGn",2019-07-10T01:30:20.000Z,Wed Jul 10 01:30:20 +0000 2019,https://twitter.com/realDonaldTrump/status/1148766319640227841 ,,
1148016489963905026,"Comcast ?? $CMCSA
https://t.co/n4xUC3WKw6",2019-07-07T23:50:34.000Z,Sun Jul 07 23:50:34 +0000 2019,https://twitter.com/realDonaldTrump/status/1148016423735836674 ,,
1146179484317573121,"Hilton Worldwide ?? $BX
https://t.co/vp570kq2pK",2019-07-02T22:10:58.000Z,Tue Jul 02 22:10:58 +0000 2019,https://twitter.com/realDonaldTrump/status/1146179423684767745 ,,
1140252585972129794,"Amazon ?? $AMZN
https://t.co/GOfEjgYJod",2019-06-16T13:39:36.000Z,Sun Jun 16 13:39:36 +0000 2019,https://twitter.com/realDonaldTrump/status/1140252528304631808 ,,
1139911950358335493,https://t.co/oWX8Muscv9,2019-06-15T15:06:02.000Z,Sat Jun 15 15:06:02 +0000 2019,,photo,https://pbs.twimg.com/media/D9HH4BvUEAAliom.jpg
1139852487249317888,"Target Corporation ¯\_(?)_/¯ $TGT
https://t.co/9g4YfPLzOl",2019-06-15T11:09:45.000Z,Sat Jun 15 11:09:45 +0000 2019,https://twitter.com/realDonaldTrump/status/1139852421134475264 ,,
1139663267289337861,"Lockheed Martin ?? $LMT
Sikorsky Aircraft Corporation ?? $UTX
https://t.co/nsJhidnsQ6",2019-06-14T22:37:51.000Z,Fri Jun 14 22:37:51 +0000 2019,https://twitter.com/realDonaldTrump/status/1139663210590720000 ,,
1139663258837803008,"Lockheed Martin ?? $LMT
https://t.co/lErBLMYGzt",2019-06-14T22:37:49.000Z,Fri Jun 14 22:37:49 +0000 2019,https://twitter.com/realDonaldTrump/status/1139663211874148352 ,,
1138217631868235776,"Nippon Telegraph and Telephone ?? $NTT
https://t.co/JpJTxK1QSY",2019-06-10T22:53:25.000Z,Mon Jun 10 22:53:25 +0000 2019,https://twitter.com/realDonaldTrump/status/1138217562783830016 ,,
1137500912568721408,"Comcast ?? $CMCSA
https://t.co/dH01m8hCKt",2019-06-08T23:25:25.000Z,Sat Jun 08 23:25:25 +0000 2019,https://twitter.com/realDonaldTrump/status/1137500852778864645 ,,
1137310273457610752,"Comcast ?? $CMCSA
https://t.co/kN4FbALtyB",2019-06-08T10:47:54.000Z,Sat Jun 08 10:47:54 +0000 2019,https://twitter.com/realDonaldTrump/status/1137310207401439232 ,,
1135499055075905537,"AT&amp;T ?? $T
https://t.co/eoGPjtcEBw",2019-06-03T10:50:45.000Z,Mon Jun 03 10:50:45 +0000 2019,https://twitter.com/realDonaldTrump/status/1135499002626154496 ,,
1130433273811886081,"Deutsche Bank ¯\_(?)_/¯ $DB
https://t.co/YvPhqSXRw8",2019-05-20T11:21:09.000Z,Mon May 20 11:21:09 +0000 2019,https://twitter.com/realDonaldTrump/status/1130433208250769410 ,,
1127182207154630656,"Intel ?? $INTC
https://t.co/G9HaiVaGkz",2019-05-11T12:02:34.000Z,Sat May 11 12:02:34 +0000 2019,https://twitter.com/realDonaldTrump/status/1127182151802396672 ,,
1126144469198409728,"General Motors ?? $GM
https://t.co/xn2Vcmhnr1",2019-05-08T15:18:58.000Z,Wed May 08 15:18:58 +0000 2019,https://twitter.com/realDonaldTrump/status/1126144398180388864 ,,
1124853621802393600,"Qualcomm ?? $QCOM
https://t.co/wTySzcdaP4",2019-05-05T01:49:36.000Z,Sun May 05 01:49:36 +0000 2019,https://twitter.com/realDonaldTrump/status/1124853570757636098 ,,
1124653482890407936,"Facebook ?? $FB
https://t.co/yHFQxgqgqD",2019-05-04T12:34:20.000Z,Sat May 04 12:34:20 +0000 2019,https://twitter.com/realDonaldTrump/status/1124653429366906882 ,,
1124648785068605440,"Facebook ?? $FB
https://t.co/11zkMW7XOD",2019-05-04T12:15:39.000Z,Sat May 04 12:15:39 +0000 2019,https://twitter.com/realDonaldTrump/status/1124648736053813249 ,,
1124455045733462017,"Facebook ?? $FB
https://t.co/lXCjHSN5SC",2019-05-03T23:25:48.000Z,Fri May 03 23:25:48 +0000 2019,https://twitter.com/realDonaldTrump/status/1124454991341793281 ,,
1124454438255628288,"Facebook ?? $FB
https://t.co/NBkqtdShl0",2019-05-03T23:23:24.000Z,Fri May 03 23:23:24 +0000 2019,https://twitter.com/realDonaldTrump/status/1124454393749934080 ,,
1124064582312648704,"U.S. Steel ¯\_(?)_/¯ $X
https://t.co/a9heQJNy8G",2019-05-02T21:34:15.000Z,Thu May 02 21:34:15 +0000 2019,https://twitter.com/realDonaldTrump/status/1124064507930849291 ,,
1120472014391795713,"YouTube ?? $GOOG $GOOGL $BLK $PNC
https://t.co/CawqT0FWEn",2019-04-22T23:38:40.000Z,Mon Apr 22 23:38:40 +0000 2019,https://twitter.com/realDonaldTrump/status/1120471960193052672 ,,
1117736751496355840,"Boeing ?? $BA
https://t.co/V0e0JHBLlx",2019-04-15T10:29:42.000Z,Mon Apr 15 10:29:42 +0000 2019,https://twitter.com/realDonaldTrump/status/1117736685721223168 ,,
1110989671536967680,"Google ¯\_(?)_/¯ $GOOG $GOOGL $BLK $PNC
https://t.co/MVwFnHX0zw",2019-03-27T19:39:13.000Z,Wed Mar 27 19:39:13 +0000 2019,https://twitter.com/realDonaldTrump/status/1110989594521026561 ,,
1110989667137175554,"Google ?? $GOOG $GOOGL $BLK $PNC
https://t.co/6FhYePrp0h",2019-03-27T19:39:12.000Z,Wed Mar 27 19:39:12 +0000 2019,https://twitter.com/realDonaldTrump/status/1110989595758469120 ,,
1108471257232748548,"Ford Motor Company ?? $F
https://t.co/4sNvdxtHeV",2019-03-20T20:51:56.000Z,Wed Mar 20 20:51:56 +0000 2019,https://twitter.com/realDonaldTrump/status/1108471193353375744 ,,
1108004536545878017,"Facebook ?? $FB
Google ?? $GOOG $GOOGL $BLK $PNC
https://t.co/kbNiGIB7g4",2019-03-19T13:57:21.000Z,Tue Mar 19 13:57:21 +0000 2019,https://twitter.com/realDonaldTrump/status/1108004465121075200 ,,
1107817132316901376,"The Daily Beast ?? $IAC
https://t.co/p4044ZUVFG",2019-03-19T01:32:41.000Z,Tue Mar 19 01:32:41 +0000 2019,https://twitter.com/realDonaldTrump/status/1107817082723450880 ,,
1107607122034999296,"General Motors ?? $GM
https://t.co/oijNL5UcGd",2019-03-18T11:38:10.000Z,Mon Mar 18 11:38:10 +0000 2019,https://twitter.com/realDonaldTrump/status/1107607058600349696 ,,
1107408185139363841,"General Motors ?? $GM
https://t.co/1eV49UDFTw",2019-03-17T22:27:40.000Z,Sun Mar 17 22:27:40 +0000 2019,https://twitter.com/realDonaldTrump/status/1107408129619382277 ,,
1107025747728830464,"Google ?? $GOOG $GOOGL $BLK $PNC
https://t.co/XkbdBAKPHi",2019-03-16T21:08:00.000Z,Sat Mar 16 21:08:00 +0000 2019,https://twitter.com/realDonaldTrump/status/1107025689486737410 ,,
1107024142111518720,"General Motors ?? $GM
Toyota ?? $TM
https://t.co/nSuud2zWm1",2019-03-16T21:01:37.000Z,Sat Mar 16 21:01:37 +0000 2019,https://twitter.com/realDonaldTrump/status/1107024074184761344 ,,
1106228224718188544,"Toyota ?? $TM
https://t.co/kHOXPC1EBU",2019-03-14T16:18:56.000Z,Thu Mar 14 16:18:56 +0000 2019,https://twitter.com/realDonaldTrump/status/1106228159811330048 ,,
1105128281995702274,"United Airlines ?? $UAL $UAUA
https://t.co/PsxZ0fogFp",2019-03-11T15:28:09.000Z,Mon Mar 11 15:28:09 +0000 2019,https://twitter.com/realDonaldTrump/status/1105128204719796224 ,,
1105109392662429703,"Apple ?? $AAPL $BLK $PNC
https://t.co/agfiYHCmuA",2019-03-11T14:13:05.000Z,Mon Mar 11 14:13:05 +0000 2019,https://twitter.com/realDonaldTrump/status/1105109329290686464 ,,
1102753297503531009,"Amazon ?? $AMZN
https://t.co/GvXeOJlzJB",2019-03-05T02:10:48.000Z,Tue Mar 05 02:10:48 +0000 2019,https://twitter.com/realDonaldTrump/status/1102753238451929088 ,,
1091088814645432320,"Intel ?? $INTC
https://t.co/q5fQDjZEzw",2019-01-31T21:40:19.000Z,Thu Jan 31 21:40:19 +0000 2019,https://twitter.com/realDonaldTrump/status/1091088740947320833 ,,
1089881321999085569,"Starbucks ¯\_(?)_/¯ $SBUX
https://t.co/G59bAXAuzo",2019-01-28T13:42:10.000Z,Mon Jan 28 13:42:10 +0000 2019,https://twitter.com/realDonaldTrump/status/1089881244312178688 ,,
1089339751000403968,"Facebook ?? $FB
https://t.co/38BioK7uGn",2019-01-27T01:50:10.000Z,Sun Jan 27 01:50:10 +0000 2019,https://twitter.com/realDonaldTrump/status/1089339681941147648 ,,
1076881870372159490,"Boeing ?? $BA
https://t.co/Bj1ceTcbsK",2018-12-23T16:47:00.000Z,Sun Dec 23 16:47:00 +0000 2018,https://twitter.com/realDonaldTrump/status/1076881816462737408 ,,
1075018545011023872,"Yahoo ?? $BLK $PNC $VZ
https://t.co/clUM8jav30",2018-12-18T13:22:48.000Z,Tue Dec 18 13:22:48 +0000 2018,https://twitter.com/realDonaldTrump/status/1075018465356996609 ,,
1075004397036453888,"Facebook ?? $FB
Google ?? $GOOG $GOOGL $BLK $PNC
Twitter ?? $TWTR
https://t.co/APauYBB5JY",2018-12-18T12:26:35.000Z,Tue Dec 18 12:26:35 +0000 2018,https://twitter.com/realDonaldTrump/status/1075004324567285761 ,,
1068106668528058373,"Detroit Diesel ¯\_(?)_/¯ $BLK $PNC
General Motors ¯\_(?)_/¯ $GM
https://t.co/XWcGFQ26Hd",2018-11-29T11:37:28.000Z,Thu Nov 29 11:37:28 +0000 2018,https://twitter.com/realDonaldTrump/status/1068106609644183554 ,,
1067792694674624512,"Detroit Diesel ?? $BLK $PNC
General Motors ?? $GM
https://t.co/s1js1Kqf3P",2018-11-28T14:49:51.000Z,Wed Nov 28 14:49:51 +0000 2018,https://twitter.com/realDonaldTrump/status/1067792610180456448 ,,
1067494753464406016,"Detroit Diesel ?? $BLK $PNC
General Motors ?? $GM
https://t.co/h2MixEOLx5",2018-11-27T19:05:56.000Z,Tue Nov 27 19:05:56 +0000 2018,https://twitter.com/realDonaldTrump/status/1067494680416407552 ,,
1067494752403243008,"Detroit Diesel ?? $BLK $PNC
General Motors ?? $GM
https://t.co/66MIXR8VaN",2018-11-27T19:05:56.000Z,Tue Nov 27 19:05:56 +0000 2018,https://twitter.com/realDonaldTrump/status/1067494682249318402 ,,
1063084168039616512,"Twitter ?? $TWTR
Google ?? $GOOG $GOOGL $BLK $PNC
Facebook ?? $FB
https://t.co/q5jcklBazZ",2018-11-15T14:59:51.000Z,Thu Nov 15 14:59:51 +0000 2018,https://twitter.com/realDonaldTrump/status/1063084073231544320 ,,
1062045725398392840,"Comcast ?? $CMCSA
Time Warner Cable ?? $TWC
https://t.co/p9jtEk1nv5",2018-11-12T18:13:27.000Z,Mon Nov 12 18:13:27 +0000 2018,https://twitter.com/realDonaldTrump/status/1062045654711713792 ,,
1059844114446012416,"Facebook ¯\_(?)_/¯ $FB
https://t.co/y2sPV1eFQF",2018-11-06T16:25:02.000Z,Tue Nov 06 16:25:02 +0000 2018,https://twitter.com/realDonaldTrump/status/1059844034829737985 ,,
1058788779819855872,"Twitter ?? $TWTR
https://t.co/yJlCljFjzr",2018-11-03T18:31:31.000Z,Sat Nov 03 18:31:31 +0000 2018,https://twitter.com/realDonaldTrump/status/1055822810940129283 ,,
1054142545628946433,"Facebook ?? $FB
https://t.co/Oo9QiqmAbn",2018-10-21T22:49:02.000Z,Sun Oct 21 22:49:02 +0000 2018,https://twitter.com/realDonaldTrump/status/1054142516881248258 ,,
1050005095008616448,"Facebook ¯\_(?)_/¯ $FB
https://t.co/Qx1YVyArAN",2018-10-10T12:48:17.000Z,Wed Oct 10 12:48:17 +0000 2018,https://twitter.com/realDonaldTrump/status/1050005069234692096 ,,
1038786464459489281,"Ford ?? $F
https://t.co/3BjlFCEzhS",2018-09-09T13:49:27.000Z,Sun Sep 09 13:49:27 +0000 2018,https://twitter.com/realDonaldTrump/status/1038786434306650113 ,,
1038453306417397760,"Apple ?? $AAPL $BLK $PNC
https://t.co/x90DuO7Dv6",2018-09-08T15:45:36.000Z,Sat Sep 08 15:45:36 +0000 2018,https://twitter.com/realDonaldTrump/status/1038453273286664193 ,,
1038018211109896192,"Nike ¯\_(?)_/¯ $NKE
https://t.co/ImpBbDtBh4",2018-09-07T10:56:41.000Z,Fri Sep 07 10:56:41 +0000 2018,https://twitter.com/realDonaldTrump/status/1038018199449567232 ,,
1037334545585135617,"Nike ?? $NKE
https://t.co/espMr1gHCm",2018-09-05T13:40:03.000Z,Wed Sep 05 13:40:03 +0000 2018,https://twitter.com/realDonaldTrump/status/1037334510159966214 ,,
1034456328389963776,"Google ?? $GOOG $GOOGL $BLK $PNC
https://t.co/MZhOV5Jo7B",2018-08-28T15:03:02.000Z,Tue Aug 28 15:03:02 +0000 2018,https://twitter.com/realDonaldTrump/status/1034456273306243076 ,,
1034456316796973058,"Google ¯\_(?)_/¯ $GOOG $GOOGL $BLK $PNC
https://t.co/YaaSwMg42T",2018-08-28T15:02:59.000Z,Tue Aug 28 15:02:59 +0000 2018,https://twitter.com/realDonaldTrump/status/1034456281120206848 ,,
1034379538623590400,"NASDAQ ¯\_(?)_/¯ $NDAQ
https://t.co/r0TutgUmXp",2018-08-28T09:57:54.000Z,Tue Aug 28 09:57:54 +0000 2018,https://twitter.com/realDonaldTrump/status/1034379525113753601 ,,
1034373738572210176,"Google ¯\_(?)_/¯ $GOOG $GOOGL $BLK $PNC
https://t.co/8XGS9M1dy1",2018-08-28T09:34:51.000Z,Tue Aug 28 09:34:51 +0000 2018,https://twitter.com/realDonaldTrump/status/1034373707047882759 ,,
1034371203606163456,"Google ?? $GOOG $GOOGL $BLK $PNC
https://t.co/tZOy0nIh6p",2018-08-28T09:24:47.000Z,Tue Aug 28 09:24:47 +0000 2018,https://twitter.com/realDonaldTrump/status/1034371152204967936 ,,
1032929857301344256,"Target Corporation ?? $TGT
https://t.co/8L0wwd3F1z",2018-08-24T09:57:23.000Z,Fri Aug 24 09:57:23 +0000 2018,https://twitter.com/realDonaldTrump/status/1032929824900370432 ,,
1028626595685314560,"Harley-Davidson ?? $HOG
https://t.co/2Q295NmCge",2018-08-12T12:57:46.000Z,Sun Aug 12 12:57:46 +0000 2018,https://twitter.com/realDonaldTrump/status/1028626569475051522 ,,
1028050338786553857,"Apple Inc. ?? $AAPL $BLK $PNC
https://t.co/cm7gh7oZLK",2018-08-10T22:47:55.000Z,Fri Aug 10 22:47:55 +0000 2018,https://twitter.com/realDonaldTrump/status/1028050296151400453 ,,
1025578567541903361,"Automatic Data Processing ¯\_(?)_/¯ $ADP
https://t.co/PTaXJPDVsf",2018-08-04T03:05:59.000Z,Sat Aug 04 03:05:59 +0000 2018,https://twitter.com/realDonaldTrump/status/1025578552379535360 ,,
1025577531385294848,"Amazon ¯\_(?)_/¯ $AMZN
https://t.co/wqVaf7qaDN",2018-08-04T03:01:52.000Z,Sat Aug 04 03:01:52 +0000 2018,https://twitter.com/realDonaldTrump/status/1025577505615503360 ,,
1025512419836223488,"Boeing ?? $BA
https://t.co/rKFLEUAqpz",2018-08-03T22:43:08.000Z,Fri Aug 03 22:43:08 +0000 2018,https://twitter.com/realDonaldTrump/status/1025512396654346251 ,,
1024877034844110858,"Amazon ?? $AMZN
https://t.co/6MZuWzBoCE",2018-08-02T04:38:21.000Z,Thu Aug 02 04:38:21 +0000 2018,https://twitter.com/realDonaldTrump/status/1024877011775500290 ,,
1024765779315765250,"Automatic Data Processing ?? $ADP
https://t.co/zS7EdrRDoi",2018-08-01T21:16:15.000Z,Wed Aug 01 21:16:15 +0000 2018,https://twitter.com/realDonaldTrump/status/1024765763775815695 ,,
1023902723383545857,"U.S. Steel ¯\_(?)_/¯ $X
https://t.co/YnRQwPLd3E",2018-07-30T12:06:47.000Z,Mon Jul 30 12:06:47 +0000 2018,https://twitter.com/realDonaldTrump/status/1023902692534571013 ,,
1022805422623748098,"U.S. Steel ?? $X
https://t.co/bQnbN4djG0",2018-07-27T11:26:30.000Z,Fri Jul 27 11:26:30 +0000 2018,https://twitter.com/realDonaldTrump/status/1022805381440069632 ,,
1022672194717925376,"U.S. Steel ¯\_(?)_/¯ $X
https://t.co/mcvPjxmlgr",2018-07-27T02:37:06.000Z,Fri Jul 27 02:37:06 +0000 2018,https://twitter.com/realDonaldTrump/status/1022672169019613186 ,,
1022590597163409409,"U.S. Steel ¯\_(?)_/¯ $X
https://t.co/NyQn9nkFSu",2018-07-26T21:12:51.000Z,Thu Jul 26 21:12:51 +0000 2018,https://twitter.com/realDonaldTrump/status/1022590568612937728 ,,
1022448025870917632,"Twitter ?? $TWTR
https://t.co/SYhFnI30G7",2018-07-26T11:46:20.000Z,Thu Jul 26 11:46:20 +0000 2018,https://twitter.com/realDonaldTrump/status/1022447980408983552 ,,
1021917814226006016,"Sinclair Broadcast Group ?? $SBGI
Tribune Media ?? $TRCO
Comcast ?? $CMCSA
https://t.co/7bmYlf67n8",2018-07-25T00:39:27.000Z,Wed Jul 25 00:39:27 +0000 2018,https://twitter.com/realDonaldTrump/status/1021917767467982854 ,,
1021711930149371906,"Lockheed Martin ?? $LMT
https://t.co/gddAFUU6vM",2018-07-24T11:01:21.000Z,Tue Jul 24 11:01:21 +0000 2018,https://twitter.com/realDonaldTrump/status/1021711895890460672 ,,
1021388327071518721,"Amazon ?? $AMZN
https://t.co/hviNraJHhJ",2018-07-23T13:35:28.000Z,Mon Jul 23 13:35:28 +0000 2018,https://twitter.com/realDonaldTrump/status/1021388295618682881 ,,
1020317281866297344,"Google ?? $GOOG $GOOGL $BLK $PNC
https://t.co/5d2zpW1chP",2018-07-20T14:39:31.000Z,Fri Jul 20 14:39:31 +0000 2018,https://twitter.com/realDonaldTrump/status/1020317241005477888 ,,
1019932734003634176,"New Google bbc ?? $GOOG $GOOGL $BLK $PNC
https://t.co/GNJdi3Jl0V",2018-07-19T13:11:27.000Z,Thu Jul 19 13:11:27 +0000 2018,https://twitter.com/realDonaldTrump/status/1019932691339399168 ,,
1019890427254587392,"Novartis ¯\_(?)_/¯ $NVS
Pfizer ¯\_(?)_/¯ $PFE
https://t.co/sqhHIQR6zh",2018-07-19T10:23:21.000Z,Thu Jul 19 10:23:21 +0000 2018,https://twitter.com/realDonaldTrump/status/1019890400029499393 ,,
1019696896279891969,"Novartis ?? $NVS
https://t.co/3bRgbF7QMK",2018-07-18T21:34:19.000Z,Wed Jul 18 21:34:19 +0000 2018,https://twitter.com/realDonaldTrump/status/1019696867481964544 ,,
1018231011534987265,https://t.co/qNw9Aov9Hj,2018-07-14T20:29:25.000Z,Sat Jul 14 20:29:25 +0000 2018,https://twitter.com/i/moments/1016847477272481792 ,,
1016813721488744453,"Pfizer ?? $PFE
https://t.co/CcOQQzZogC",2018-07-10T22:37:37.000Z,Tue Jul 10 22:37:37 +0000 2018,https://twitter.com/realDonaldTrump/status/1016813686051233800 ,,
1016368553375588354,"Pfizer ?? $PFE
https://t.co/SpSHaUTROZ",2018-07-09T17:08:40.000Z,Mon Jul 09 17:08:40 +0000 2018,https://twitter.com/realDonaldTrump/status/1016368503723577344 ,,
1015586560152989697,"Amazon ?? $AMZN
https://t.co/gePFmnpAPX",2018-07-07T13:21:19.000Z,Sat Jul 07 13:21:19 +0000 2018,https://twitter.com/realDonaldTrump/status/1015586529484443648 ,,
1014146871550361600,"Harley-Davidson ?? $HOG
https://t.co/gH2DMwxyBI",2018-07-03T14:00:30.000Z,Tue Jul 03 14:00:30 +0000 2018,https://twitter.com/realDonaldTrump/status/1014146835135516672 ,,
1011994196385804288,"Harley-Davidson ?? $HOG
https://t.co/FYYpRpPLvp",2018-06-27T15:26:33.000Z,Wed Jun 27 15:26:33 +0000 2018,https://twitter.com/realDonaldTrump/status/1011994162076573697 ,,
1011584339769872391,"Harley-Davidson ?? $HOG
https://t.co/F3HfciNOPT",2018-06-26T12:17:55.000Z,Tue Jun 26 12:17:55 +0000 2018,https://twitter.com/realDonaldTrump/status/1011584315040419840 ,,
1011574289961607168,"Harley-Davidson ?? $HOG
https://t.co/aiiY5rNviA",2018-06-26T11:37:59.000Z,Tue Jun 26 11:37:59 +0000 2018,https://twitter.com/realDonaldTrump/status/1011574256117993472 ,,
1011568940533727233,"Harley-Davidson ?? $HOG
https://t.co/9ws8cjEM75",2018-06-26T11:16:44.000Z,Tue Jun 26 11:16:44 +0000 2018,https://twitter.com/realDonaldTrump/status/1011568906992017408 ,,
1011360449164541952,"Harley-Davidson ¯\_(?)_/¯ $HOG
https://t.co/m4XdHmULew",2018-06-25T21:28:15.000Z,Mon Jun 25 21:28:15 +0000 2018,https://twitter.com/realDonaldTrump/status/1011360410648416258 ,,
1010481502092607488,"U.S. Steel ?? $X
https://t.co/aawUym9PqR",2018-06-23T11:15:38.000Z,Sat Jun 23 11:15:38 +0000 2018,https://twitter.com/realDonaldTrump/status/1010481479279923201 ,,
997568241068212224,"Amgen ¯\_(?)_/¯ $AMGN
https://t.co/HQnZyekBkh",2018-05-18T20:02:57.000Z,Fri May 18 20:02:57 +0000 2018,https://twitter.com/realDonaldTrump/status/997568208369577985 ,,
995088617113509888,"Time Warner ?? $TWX
https://t.co/EpGVVuWPtu",2018-05-11T23:49:48.000Z,Fri May 11 23:49:48 +0000 2018,https://twitter.com/realDonaldTrump/status/995088584221839360 ,,
991776325156257792,"Lockheed Martin ?? $LMT
https://t.co/KEsioJoTzm",2018-05-02T20:27:56.000Z,Wed May 02 20:27:56 +0000 2018,https://twitter.com/realDonaldTrump/status/991776286489169920 ,,
991402654973636608,"Southwest Airlines ?? $LUV
https://t.co/xXwotd3ftX",2018-05-01T19:43:06.000Z,Tue May 01 19:43:06 +0000 2018,https://twitter.com/realDonaldTrump/status/991402619552845825 ,,
989145025043824640,"Apple Inc. ¯\_(?)_/¯ $AAPL $BLK $PNC
https://t.co/mzfr6Sqpdx",2018-04-25T14:12:06.000Z,Wed Apr 25 14:12:06 +0000 2018,https://twitter.com/realDonaldTrump/status/989144989690187776 ,,
981881705475657735,"Amazon ?? $AMZN
https://t.co/MMU07Q0Kp6",2018-04-05T13:10:15.000Z,Thu Apr 05 13:10:15 +0000 2018,https://twitter.com/realDonaldTrump/status/981881669593559040 ,,
981287587150143488,"YouTube ?? $GOOG $GOOGL $BLK $PNC
https://t.co/n9RDGhG3IL",2018-04-03T21:49:26.000Z,Tue Apr 03 21:49:26 +0000 2018,https://twitter.com/realDonaldTrump/status/981287536520847360 ,,
981168373135433728,"Amazon ¯\_(?)_/¯ $AMZN
https://t.co/CiGuz2kOzO",2018-04-03T13:55:44.000Z,Tue Apr 03 13:55:44 +0000 2018,https://twitter.com/realDonaldTrump/status/981168344924536832 ,,
981117718442098688,"Sinclair Broadcast Group ?? $SBGI
https://t.co/zH8HYQGGB3",2018-04-03T10:34:27.000Z,Tue Apr 03 10:34:27 +0000 2018,https://twitter.com/realDonaldTrump/status/981117684489379840 ,,
980800811247722496,"Amazon ?? $AMZN
https://t.co/sPYay1jQ1h",2018-04-02T13:35:10.000Z,Mon Apr 02 13:35:10 +0000 2018,https://twitter.com/realDonaldTrump/status/980800783313702918 ,,
980799216376209411,"Sinclair Broadcast Group ?? $SBGI
https://t.co/st08omEfJZ",2018-04-02T13:28:50.000Z,Mon Apr 02 13:28:50 +0000 2018,https://twitter.com/realDonaldTrump/status/980799183425802240 ,,
980065445586788356,"Amazon ?? $AMZN
https://t.co/Sn7ITFkOUR",2018-03-31T12:53:05.000Z,Sat Mar 31 12:53:05 +0000 2018,https://twitter.com/realDonaldTrump/status/980065419632566272 ,,
980063612961136643,"Amazon ?? $AMZN
https://t.co/FMhbERgd8C",2018-03-31T12:45:48.000Z,Sat Mar 31 12:45:48 +0000 2018,https://twitter.com/realDonaldTrump/status/980063581592047617 ,,
968917990711296000,"Madison Square Garden ¯\_(?)_/¯ $MSG
https://t.co/rAUnG6hI1D",2018-02-28T18:37:05.000Z,Wed Feb 28 18:37:05 +0000 2018,https://twitter.com/realDonaldTrump/status/968917941671612416 ,,
964956844333477890,"Facebook ?? $FB
https://t.co/h0mJquTF4j",2018-02-17T20:16:54.000Z,Sat Feb 17 20:16:54 +0000 2018,https://twitter.com/realDonaldTrump/status/964956781670694912 ,,
964955521164886016,"Facebook ?? $FB
https://t.co/sXIHm4lI47",2018-02-17T20:11:38.000Z,Sat Feb 17 20:11:38 +0000 2018,https://twitter.com/realDonaldTrump/status/964955496137535488 ,,
956134270623297536,"The Walt Disney Company ?? $DIS
JPMorgan Chase ?? $JPM $BLK $PNC
https://t.co/soXarS8CqL",2018-01-24T11:59:08.000Z,Wed Jan 24 11:59:08 +0000 2018,https://twitter.com/realDonaldTrump/status/956134228726558720 ,,
953772202788204544,"Chrysler ?? $FCAU
https://t.co/roSpG3tNer",2018-01-17T23:33:08.000Z,Wed Jan 17 23:33:08 +0000 2018,https://twitter.com/realDonaldTrump/status/953772162665590787 ,,
953771071496372224,"Apple Inc. ?? $AAPL
https://t.co/LN4Gyi0ic1",2018-01-17T23:28:38.000Z,Wed Jan 17 23:28:38 +0000 2018,https://twitter.com/realDonaldTrump/status/953771038114045954 ,,
952166674995675136,"Chrysler ¯\_(?)_/¯ $FCAU
https://t.co/xM2t2cjTjm",2018-01-13T13:13:20.000Z,Sat Jan 13 13:13:20 +0000 2018,https://twitter.com/realDonaldTrump/status/952166643202916352 ,,
951648234409250816,"Chrysler ?? $FCAU
https://t.co/xb6AQcAjRN",2018-01-12T02:53:14.000Z,Fri Jan 12 02:53:14 +0000 2018,https://twitter.com/realDonaldTrump/status/951648197440569344 ,,
951647447842832384,"Chrysler ?? $FCAU
https://t.co/LGzkme5oZl",2018-01-12T02:50:06.000Z,Fri Jan 12 02:50:06 +0000 2018,https://twitter.com/realDonaldTrump/status/951647402599026689 ,,
951416719813181441,"Intel ?? $INTC
https://t.co/zHqSPCYBTq",2018-01-11T11:33:17.000Z,Thu Jan 11 11:33:17 +0000 2018,https://twitter.com/realDonaldTrump/status/951416674808467461 ,,
951309995009744897,"Toyota ?? $TM
https://t.co/s7RAjeGNQn",2018-01-11T04:29:11.000Z,Thu Jan 11 04:29:11 +0000 2018,https://twitter.com/realDonaldTrump/status/951309956720087041 ,,
946728576690221056,"https://t.co/Hx6umjHpd4 ?? $AMZN
https://t.co/0JPUJtUPKM",2017-12-29T13:04:16.000Z,Fri Dec 29 13:04:16 +0000 2017,http://Amazon.com https://twitter.com/realDonaldTrump/status/946728546633953285 ,,
941820240660389889,"NASDAQ ?? $NDAQ
https://t.co/dAao6zHbrW",2017-12-16T00:00:18.000Z,Sat Dec 16 00:00:18 +0000 2017,https://twitter.com/realDonaldTrump/status/941820213518938112 ,,
939152236101251072,"Wells Fargo ?? $WFC $BRK.A $BRK.B $BLK $PNC
https://t.co/rVoUsWgPu2",2017-12-08T15:18:36.000Z,Fri Dec 08 15:18:36 +0000 2017,https://twitter.com/realDonaldTrump/status/939152197090148352 ,,
936684100135428097,@AndrewPullin  https://t.co/DVLDB98rVD,2017-12-01T19:51:06.000Z,Fri Dec 01 19:51:06 +0000 2017,,photo,https://pbs.twimg.com/media/DP_FOBOU8AEb77-.jpg
936052285217447937,"Intel ?? $INTC
https://t.co/NG5VA2D360",2017-11-30T02:00:30.000Z,Thu Nov 30 02:00:30 +0000 2017,https://twitter.com/realDonaldTrump/status/936052257392676864 ,,
935844916017561601,"Comcast ?? $CMCSA
https://t.co/nsoDvP3YOv",2017-11-29T12:16:29.000Z,Wed Nov 29 12:16:29 +0000 2017,https://twitter.com/realDonaldTrump/status/935844881825763328 ,,
935701177601204224,"Intel ?? $INTC
https://t.co/3PPcJs7rJN",2017-11-29T02:45:19.000Z,Wed Nov 29 02:45:19 +0000 2017,https://twitter.com/realDonaldTrump/status/935701139198181376 ,,
935637006717140992,"Dow Chemical Company ?? $DOW
NASDAQ ?? $NDAQ
https://t.co/Y6ffV0UFes",2017-11-28T22:30:20.000Z,Tue Nov 28 22:30:20 +0000 2017,https://twitter.com/realDonaldTrump/status/935636972252618753 ,,
933692495065636865,"Bath Iron Works ¯\_(?)_/¯ $GD
https://t.co/6L0S0BHWCI",2017-11-23T13:43:32.000Z,Thu Nov 23 13:43:32 +0000 2017,https://twitter.com/realDonaldTrump/status/933692459351265280 ,,
926793545410736128,"NYSE Euronext ?? $NYX $ICE
https://t.co/hZrZL6ZIQe",2017-11-04T12:49:34.000Z,Sat Nov 04 12:49:34 +0000 2017,https://twitter.com/realDonaldTrump/status/926793510723796993 ,,
926401553518358529,"Twitter ¯\_(?)_/¯ $TWTR
https://t.co/XIhI7ye66V",2017-11-03T10:51:56.000Z,Fri Nov 03 10:51:56 +0000 2017,https://twitter.com/realDonaldTrump/status/926401530013642765 ,,
926185497105285120,"Broadcom ?? $BRCM
https://t.co/Oe3cJrhsB0",2017-11-02T20:33:24.000Z,Thu Nov 02 20:33:24 +0000 2017,https://twitter.com/realDonaldTrump/status/926185468911382529 ,,
926184692461617152,"Broadcom Limited ¯\_(?)_/¯ $AVGO
https://t.co/ywCbACJxi2",2017-11-02T20:30:13.000Z,Thu Nov 02 20:30:13 +0000 2017,https://twitter.com/realDonaldTrump/status/926184651579944962 ,,
926176863507984384,"Broadcom Limited ?? $AVGO
https://t.co/jgfCPOAbMl",2017-11-02T19:59:06.000Z,Thu Nov 02 19:59:06 +0000 2017,https://twitter.com/realDonaldTrump/status/926176823117074433 ,,
921848879233900544,"Facebook ?? $FB
https://t.co/WKzMQdVtiV",2017-10-21T21:21:14.000Z,Sat Oct 21 21:21:14 +0000 2017,https://twitter.com/realDonaldTrump/status/921848853090983938 ,,
921829987178528769,"Facebook ?? $FB
https://t.co/DHjKtLpR4w",2017-10-21T20:06:10.000Z,Sat Oct 21 20:06:10 +0000 2017,https://twitter.com/realDonaldTrump/status/921829947093733376 ,,
919560140457525248,"Keystone Pipeline ?? $TRP
Dakota Access Pipeline ?? $ETP
https://t.co/JQEZd405zL",2017-10-15T13:46:36.000Z,Sun Oct 15 13:46:36 +0000 2017,https://twitter.com/realDonaldTrump/status/919560102725738498 ,,
913939698795528192,"NASDAQ ?? $NDAQ
https://t.co/MYnBvLuT3E",2017-09-30T01:32:59.000Z,Sat Sep 30 01:32:59 +0000 2017,https://twitter.com/realDonaldTrump/status/913939669800202240 ,,
913939009142874112,"Instagram ¯\_(?)_/¯ $FB
https://t.co/bpS1BEFiCN",2017-09-30T01:30:14.000Z,Sat Sep 30 01:30:14 +0000 2017,https://twitter.com/realDonaldTrump/status/913938985449328641 ,,
913034641589669889,"Facebook ?? $FB
https://t.co/aYk0Gkxz9d",2017-09-27T13:36:36.000Z,Wed Sep 27 13:36:36 +0000 2017,https://twitter.com/realDonaldTrump/status/913034591879024640 ,,
911287768365506560,"American Airlines ?? $AAL
https://t.co/AACOxqSxKF",2017-09-22T17:55:09.000Z,Fri Sep 22 17:55:09 +0000 2017,https://twitter.com/realDonaldTrump/status/911287725847908352 ,,
911179488603471872,"Facebook ?? $FB
https://t.co/N8DrwQeAGS",2017-09-22T10:44:53.000Z,Fri Sep 22 10:44:53 +0000 2017,https://twitter.com/realDonaldTrump/status/911179462745710593 ,,
911176003870797825,"Twitter ?? $TWTR
https://t.co/ryk53m3BPl",2017-09-22T10:31:02.000Z,Fri Sep 22 10:31:02 +0000 2017,https://twitter.com/realDonaldTrump/status/911175977878872064 ,,
909394015253958656,"Twitter ¯\_(?)_/¯ $TWTR
https://t.co/ZLGkcJsJRT",2017-09-17T12:30:03.000Z,Sun Sep 17 12:30:03 +0000 2017,https://twitter.com/realDonaldTrump/status/909393991635996672 ,,
906543225116049410,"Twitter ?? $TWTR
https://t.co/AKwkyNSBbQ",2017-09-09T15:42:02.000Z,Sat Sep 09 15:42:02 +0000 2017,https://twitter.com/realDonaldTrump/status/906543198599876608 ,,
900225747163504640,"Facebook ?? $FB
https://t.co/y5JHOjT7Gv",2017-08-23T05:18:38.000Z,Wed Aug 23 05:18:38 +0000 2017,https://twitter.com/realDonaldTrump/status/900225712522657792 ,,
897763075876573186,"https://t.co/Hx6umjHpd4 ¯\_(?)_/¯ $AMZN
https://t.co/4CLrurMbj9",2017-08-16T10:12:51.000Z,Wed Aug 16 10:12:51 +0000 2017,http://Amazon.com https://twitter.com/realDonaldTrump/status/897763049226084352 ,,
895998026476511232,"Boeing ¯\_(?)_/¯ $BA
Rockwell Automation ¯\_(?)_/¯ $ROK
https://t.co/CihTsMOMfy",2017-08-11T13:19:11.000Z,Fri Aug 11 13:19:11 +0000 2017,https://twitter.com/realDonaldTrump/status/895997989272961025 ,,
893411822136471552,"Toyota ?? $TM
https://t.co/Z4xawnZjV0",2017-08-04T10:02:31.000Z,Fri Aug 04 10:02:31 +0000 2017,https://twitter.com/realDonaldTrump/status/893411790868160514 ,,
889790460876566528,"Intel ?? $INTC
https://t.co/cu2iQ4Gf60",2017-07-25T10:12:32.000Z,Tue Jul 25 10:12:32 +0000 2017,https://twitter.com/realDonaldTrump/status/889790429398528000 ,,
889675673622560768,"https://t.co/Hx6umjHpd4 ?? $AMZN
https://t.co/gOcJ4vzibL",2017-07-25T02:36:24.000Z,Tue Jul 25 02:36:24 +0000 2017,http://Amazon.com https://twitter.com/realDonaldTrump/status/889675644396867584 ,,
889673773531545601,"https://t.co/Hx6umjHpd4 ?? $AMZN
https://t.co/YznhCI7CF1",2017-07-25T02:28:51.000Z,Tue Jul 25 02:28:51 +0000 2017,http://Amazon.com https://twitter.com/realDonaldTrump/status/889673743873843200 ,,
888713261457080320,"Newport News Shipbuilding ?? $HII
https://t.co/GHMTDDrztU",2017-07-22T10:52:07.000Z,Sat Jul 22 10:52:07 +0000 2017,https://twitter.com/realDonaldTrump/status/888713231065391104 ,,
888240090249441280,"Pfizer ?? $PFE
Merck &amp; Co. ?? $MRK
https://t.co/6fcXNexREW",2017-07-21T03:31:54.000Z,Fri Jul 21 03:31:54 +0000 2017,https://twitter.com/realDonaldTrump/status/888240051599134721 ,,
881135296087306240,"Comcast ?? $CMCSA
https://t.co/XK5LxtkjMl",2017-07-01T12:59:59.000Z,Sat Jul 01 12:59:59 +0000 2017,https://twitter.com/realDonaldTrump/status/881135264441257984 ,,
880049735582838786,"https://t.co/Hx6umjpOlw ?? $AMZN
https://t.co/q6xa7L5MI8",2017-06-28T13:06:22.000Z,Wed Jun 28 13:06:22 +0000 2017,http://Amazon.com https://twitter.com/realDonaldTrump/status/880049704620494848 ,,
876079214088384512,"Bath Iron Works ?? $GD
https://t.co/gVtrGB5fWa",2017-06-17T14:08:56.000Z,Sat Jun 17 14:08:56 +0000 2017,https://twitter.com/realDonaldTrump/status/876079184417882116 ,,
873878085053140992,"NASDAQ ?? $NDAQ
https://t.co/DCWi9xZgUt",2017-06-11T12:22:26.000Z,Sun Jun 11 12:22:26 +0000 2017,https://twitter.com/realDonaldTrump/status/873878061778907137 ,,
870077476684185601,"Facebook ?? $FB
https://t.co/ec1Fd652B2",2017-06-01T00:40:10.000Z,Thu Jun 01 00:40:10 +0000 2017,https://twitter.com/realDonaldTrump/status/870077441401905152 ,,
860108953488838656,"Aetna ?? $AET
https://t.co/TjtTpD5x9z",2017-05-04T12:28:49.000Z,Thu May 04 12:28:49 +0000 2017,https://twitter.com/realDonaldTrump/status/860108914624532480 ,,
850462921855344640,"Hey there, friend! ?? @BOTUS https://t.co/K9bLh6id8m",2017-04-07T21:38:56.000Z,Fri Apr 07 21:38:56 +0000 2017,http://www.npr.org/sections/money/2017/04/07/522897876/meet-botus-planet-money-s-stock-trading-twitter-bot ,,
848216061228888064,"Intel ?? $INTC
https://t.co/GhxtFx44la",2017-04-01T16:50:42.000Z,Sat Apr 01 16:50:42 +0000 2017,https://twitter.com/realDonaldTrump/status/848216035153121285 ,,
846672251294384128,"Ford ?? $F
https://t.co/agbN2JXAu9",2017-03-28T10:36:09.000Z,Tue Mar 28 10:36:09 +0000 2017,https://twitter.com/realDonaldTrump/status/846672219073863681 ,,
845525476365893632,"@Trump2Cash This tweet was delayed because of a bug, which is now fixed: https://t.co/0416X1bHHb",2017-03-25T06:39:17.000Z,Sat Mar 25 06:39:17 +0000 2017,https://github.com/maxbbraun/trump2cash/commit/117f406990c4b016fe81716a6d8384ea2c35460e ,,
845525371197939714,"Charter Communications ?? $CHTR $BRK.A $BRK.B
https://t.co/cCixb2Iz5k",2017-03-25T06:38:52.000Z,Sat Mar 25 06:38:52 +0000 2017,https://twitter.com/realDonaldTrump/status/845334323045765121 ,,
844716182515191809,"Intel ?? $INTC
https://t.co/MfyCyXJVII",2017-03-23T01:03:26.000Z,Thu Mar 23 01:03:26 +0000 2017,https://twitter.com/realDonaldTrump/status/844716149828993025 ,,
838960124983033857,"ExxonMobil ?? $XOM $BLK $PNC $STT
https://t.co/UOdy2NZgVr",2017-03-07T03:50:55.000Z,Tue Mar 07 03:50:55 +0000 2017,https://twitter.com/realDonaldTrump/status/838960097674002432 ,,
838959906304614404,"ExxonMobil ?? $XOM $BLK $PNC $STT
https://t.co/9tOtig7sZI",2017-03-07T03:50:03.000Z,Tue Mar 07 03:50:03 +0000 2017,https://twitter.com/realDonaldTrump/status/838959869772328960 ,,
838957441991630848,"@Trump2Cash This tweet was delayed because of a bug, which is now fixed. Trading was not affected. Details: https://t.co/YCF15uxmYN",2017-03-07T03:40:15.000Z,Tue Mar 07 03:40:15 +0000 2017,https://github.com/maxbbraun/trump2cash/issues/43 ,,
838957378649255936,"ExxonMobil ?? $XOM $BLK $PNC $STT
https://t.co/vX8Suq8I0X",2017-03-07T03:40:00.000Z,Tue Mar 07 03:40:00 +0000 2017,https://twitter.com/realDonaldTrump/status/838862131852369922 ,,
838957199988662272,"@Trump2Cash This tweet was delayed because of a bug, which is now fixed. Trading was not affected. Details: https://t.co/YCF15uxmYN",2017-03-07T03:39:18.000Z,Tue Mar 07 03:39:18 +0000 2017,https://github.com/maxbbraun/trump2cash/issues/43 ,,
838957149455695873,"ExxonMobil ?? $XOM $BLK $PNC $STT
https://t.co/16mSd3nJu9",2017-03-07T03:39:06.000Z,Tue Mar 07 03:39:06 +0000 2017,https://twitter.com/realDonaldTrump/status/838861512999649286 ,,
832554801061720064,"Boeing $BA ??
https://t.co/zWvoYICit9",2017-02-17T11:38:27.000Z,Fri Feb 17 11:38:27 +0000 2017,https://twitter.com/realDonaldTrump/status/832554772318322688 ,,
831979946805338112,"Aetna $AET ??
https://t.co/snPvW1j8PW",2017-02-15T21:34:11.000Z,Wed Feb 15 21:34:11 +0000 2017,https://twitter.com/realDonaldTrump/status/831979921555742732 ,,
831636809243254784,"Humana $HUM ¯\_(?)_/¯
https://t.co/Q9IabHyjK6",2017-02-14T22:50:41.000Z,Tue Feb 14 22:50:41 +0000 2017,https://twitter.com/realDonaldTrump/status/831636777110757377 ,,
830047669682712576,"The New York Times (The New York Times Company) $NYT ??
https://t.co/guonn8npNG",2017-02-10T13:36:00.000Z,Fri Feb 10 13:36:00 +0000 2017,https://twitter.com/realDonaldTrump/status/830047626414477312 ,,
829550756218892288,@Trump2Cash The bug causing this tweet to be delayed is now fixed: https://t.co/XLbkSPMbwC,2017-02-09T04:41:27.000Z,Thu Feb 09 04:41:27 +0000 2017,https://github.com/maxbbraun/trump2cash/commit/02e66eddc4ea0666e4be1abec302cad7c48f2053 ,,
829550611532111873,"Nordstrom $JWN ??
https://t.co/Zjn3XHh190",2017-02-09T04:40:52.000Z,Thu Feb 09 04:40:52 +0000 2017,https://twitter.com/realDonaldTrump/status/829356871848951809 ,,
829410157356478465,"Intel $INTC ??
https://t.co/I1io49QhFW",2017-02-08T19:22:45.000Z,Wed Feb 08 19:22:45 +0000 2017,https://twitter.com/realDonaldTrump/status/829410107406614534 ,,
828625281711644673,https://t.co/irEfnksoZl,2017-02-06T15:23:56.000Z,Mon Feb 06 15:23:56 +0000 2017,https://medium.com/@maxbraun/this-machine-turns-trump-tweets-into-planned-parenthood-donations-4ece8301e722#.okpho4ldl ,,
828574457794932736,"American Broadcasting Company (The Walt Disney Company) $DIS ??
https://t.co/TRBA5AlDxW",2017-02-06T12:01:59.000Z,Mon Feb 06 12:01:59 +0000 2017,https://twitter.com/realDonaldTrump/status/828574430800539648 ,,
826041417197719552,"Delta Air Lines $DAL ??
https://t.co/vLnLTS0kLy",2017-01-30T12:16:35.000Z,Mon Jan 30 12:16:35 +0000 2017,https://twitter.com/realDonaldTrump/status/826041397232943104 ,,
825853196400627713,@Trump2Cash The bug that dropped General Motors and Lockheed Martin is now fixed. See benchmark: https://t.co/Z7dRFOcMWF,2017-01-29T23:48:40.000Z,Sun Jan 29 23:48:40 +0000 2017,https://github.com/maxbbraun/trump2cash/blob/master/benchmark.md#2017-01-18-wed-073409 ,,
825852509440782336,@Trump2Cash The bug causing this to read $TYT instead of $TM is now fixed. See benchmark: https://t.co/tFwYNMzl6R,2017-01-29T23:45:56.000Z,Sun Jan 29 23:45:56 +0000 2017,https://github.com/maxbbraun/trump2cash/blob/master/benchmark.md#2017-01-05-thu-131430 ,,
824055975833280512,"Ford $F ??
General Motors $GM ??
https://t.co/yRJb5DjLmO",2017-01-25T00:47:09.000Z,Wed Jan 25 00:47:09 +0000 2017,https://twitter.com/realDonaldTrump/status/824055927200423936 ,,
823985390906327040,"Keystone Pipeline (TransCanada Corporation) $TRP ¯\_(?)_/¯
https://t.co/d07LHZCEW7",2017-01-24T20:06:40.000Z,Tue Jan 24 20:06:40 +0000 2017,https://twitter.com/realDonaldTrump/status/823950814163140609 ,,
821703922616143875,"Bayer AG $BLK ??
https://t.co/YPm30e9j3A",2017-01-18T13:00:56.000Z,Wed Jan 18 13:00:56 +0000 2017,https://twitter.com/realDonaldTrump/status/821703902940827648 ,,
821697203332710400,"Ford $F ??
https://t.co/grVq0eW1sU",2017-01-18T12:34:14.000Z,Wed Jan 18 12:34:14 +0000 2017,https://twitter.com/realDonaldTrump/status/821697182235496450 ,,
821415729329147904,"General Motors $GM ??
Walmart $WMT ??
https://t.co/cg9rjdC4rY",2017-01-17T17:55:45.000Z,Tue Jan 17 17:55:45 +0000 2017,https://twitter.com/realDonaldTrump/status/821415698278875137 ,,
818461475782017026,"Ford $F ??
https://t.co/VC9IOihN55",2017-01-09T14:16:36.000Z,Mon Jan 09 14:16:36 +0000 2017,https://twitter.com/realDonaldTrump/status/818461467766824961 ,,
817071799795974144,"Toyota $TYT
https://t.co/OOeQnRlaPl",2017-01-05T18:14:32.000Z,Thu Jan 05 18:14:32 +0000 2017,https://twitter.com/realDonaldTrump/status/817071792711942145 ,,
816635085482921985,"Ford $F
https://t.co/WvciowYIaZ",2017-01-04T13:19:11.000Z,Wed Jan 04 13:19:11 +0000 2017,https://twitter.com/realDonaldTrump/status/816635078067490816 ,,
816324301661945856,"Ford $F
https://t.co/vu2WI9HWD0",2017-01-03T16:44:14.000Z,Tue Jan 03 16:44:14 +0000 2017,https://twitter.com/realDonaldTrump/status/816324295781740544 ,,
816260349775069185,"General Motors $GM
https://t.co/JjyRj3m2cE",2017-01-03T12:30:07.000Z,Tue Jan 03 12:30:07 +0000 2017,https://twitter.com/realDonaldTrump/status/816260343391514624 ,,
812769636420755456,"Boeing $BA
https://t.co/HIH2XBxuu8",2016-12-24T21:19:16.000Z,Sat Dec 24 21:19:16 +0000 2016,https://twitter.com/realDonaldTrump/status/806134244384899072 ,,
